ticker,company,quarter,earnings_date,quarters_behind,n_history,density_qa,density_z,density_pctile,change_vs_prev_call
IT,Gartner,2024Q4,2024-11-05,1,42,1.2057877813504823,3.6254630172228004,100.0,0.36765263205765875
GLW,Corning Inc.,2025Q1,2025-01-29,0,43,1.3763352506162694,3.553839977228316,100.0,0.5957628308417681
TMUS,T-Mobile US,2024Q4,2024-10-23,1,40,1.0627116664720309,3.4890004791040865,100.0,0.21301594939773993
KMX,CarMax,2024Q2,2024-04-11,3,34,1.2392513909964593,3.2218933644687255,100.0,0.3822374081367389
HAS,Hasbro,2024Q4,2024-10-24,1,42,1.2275317843051292,3.0347491034597116,97.61904761904762,0.4709113555535529
ESS,Essex Property Trust,2024Q4,2024-10-30,1,42,1.475541299117883,3.0244087580137733,100.0,0.2505367954248545
RVTY,Revvity,2025Q1,2025-01-31,0,42,1.6345990124297631,2.808404866020663,100.0,0.5077910743201097
APTV,Aptiv,2024Q4,2024-10-31,1,30,1.3616212792906903,2.788749387718755,100.0,0.3598231801383658
URI,United Rentals,2025Q1,2025-01-30,0,43,1.3684744044602128,2.7160094947776767,97.67441860465115,0.36240841836759574
IRM,Iron Mountain,2024Q4,2024-11-06,1,42,1.1612206319200649,2.5394538060374146,97.61904761904762,0.368654356981557
KLAC,KLA Corporation,2024Q4,2024-10-30,1,39,1.3933895009721322,2.4194970068303663,97.43589743589743,0.570440994035852
CTVA,Corteva,2024Q4,2024-11-07,1,19,1.196329072435267,2.408836496494001,94.73684210526315,0.3292770493138799
TDY,Teledyne Technologies,2025Q1,2025-01-22,0,34,1.7578678763821944,2.3184928936931373,100.0,0.17308182249946857
MET,MetLife,2024Q4,2024-10-31,1,42,1.6163334751169716,2.296117050095423,100.0,0.7184883035287832
FMC,FMC Corporation,2024Q4,2024-10-30,1,41,1.236917221693625,2.2933705858398357,97.5609756097561,0.09340664422078349
CVS,CVS Health,2024Q4,2024-11-06,1,40,1.1258955987717503,2.2611849827945854,97.5,0.1280338738964829
NXPI,NXP Semiconductors,2024Q4,2024-11-05,1,35,1.265474552957359,2.2348090442845274,100.0,0.3943599221911741
AWK,American Water Works,2024Q4,2024-10-31,1,40,1.419158641662443,2.150452515897089,97.5,1.0195945297844917
GL,Globe Life,2024Q4,2024-10-24,1,40,1.9230769230769231,2.1079358131902817,97.5,0.5249267832619091
DFS,Discover Financial,2024Q1,2024-01-18,4,39,1.3134710876181324,2.0851893720851122,97.43589743589743,0.002267768116057667
PCAR,Paccar,2025Q1,2025-01-28,0,43,1.2197342071727653,2.0728525576446475,95.34883720930233,0.14709589328492179
CPRT,Copart,2024Q4,2024-11-21,1,44,1.4314928425357873,2.042907187693463,93.18181818181817,0.5374261939310732
HOLX,Hologic,2024Q4,2024-11-04,1,42,1.4735264735264737,2.0259443752914343,97.61904761904762,0.4726746847700851
AMZN,Amazon,2024Q4,2024-10-31,1,42,1.0169491525423728,2.0240338847097488,95.23809523809523,0.5002746574742657
CDW,CDW,2024Q4,2024-10-30,1,42,1.2032932235592146,1.9331081114206186,92.85714285714286,0.47539769797582787
FTV,Fortive,2024Q4,2024-10-30,1,33,1.45360155743024,1.9100911460115146,96.96969696969697,0.42660625226592086
MPC,Marathon Petroleum,2024Q4,2024-11-05,1,41,1.2484700122399022,1.8993879948397139,95.1219512195122,-0.12249772969558181
NRG,NRG Energy,2024Q4,2024-11-08,1,42,1.1777902411665733,1.8908801885100186,95.23809523809523,0.2665752878955452
TRV,Travelers Companies (The),2025Q1,2025-01-22,0,43,1.5020097313306537,1.8567847178472419,97.67441860465115,0.40804058687062583
UNH,UnitedHealth Group,2023Q3,2023-07-14,6,34,1.139101861993428,1.8515938515571402,94.11764705882352,0.33265024909020235
IR,Ingersoll Rand,2024Q4,2024-11-01,1,42,1.2895812053115423,1.8365412839794792,95.23809523809523,0.21159569074189433
DD,DuPont,2024Q4,2024-11-05,1,41,1.0569948186528497,1.7662565983833287,97.5609756097561,-0.1838686863615986
CRM,Salesforce,2024Q2,2024-05-29,3,44,0.7950389569088886,1.71289007944893,97.72727272727273,0.2976296304840182
CE,Celanese,2024Q4,2024-11-05,1,41,1.2322135836878392,1.6689524503538051,100.0,0.666113017587273
CMG,Chipotle Mexican Grill,2024Q4,2024-10-29,1,40,1.1688764829030007,1.6498976859596675,90.0,0.4052696591824484
AKAM,Akamai Technologies,2024Q4,2024-11-07,1,42,1.1800404585300068,1.6225860774844416,95.23809523809523,0.25099993314157176
WM,Waste Management,2025Q1,2025-01-30,0,43,1.1388684790595152,1.5517129585152396,90.69767441860465,0.2564838885074867
SLB,Schlumberger,2025Q1,2025-01-17,0,42,1.2584351632318074,1.542132829237168,92.85714285714286,0.2639221316817387
LUV,Southwest Airlines,2025Q1,2025-01-30,0,43,0.9718775847808105,1.5372028488090859,90.69767441860465,0.14937824808672717
AVY,Avery Dennison,2025Q1,2025-01-30,0,43,1.0283925776883525,1.5200257605683718,93.02325581395348,0.297932387768703
BBY,Best Buy,2024Q2,2024-05-30,3,42,1.077035414384812,1.4929912693620409,95.23809523809523,0.25372952458113884
VRSN,Verisign,2024Q4,2024-10-24,1,41,1.3714285714285714,1.485962651721823,90.2439024390244,0.4117356731560188
MA,Mastercard,2025Q1,2025-01-30,0,43,0.9394396913269586,1.470303226693213,88.37209302325581,0.4533391292731837
GNRC,Generac,2024Q4,2024-10-31,1,41,1.1468260377968018,1.4419559047771107,92.6829268292683,0.11207700304776691
LYV,Live Nation Entertainment,2024Q4,2024-11-11,1,40,0.9795191451469278,1.4221083484372636,82.5,0.3343578548243472
OTIS,Otis Worldwide,2025Q1,2025-01-29,0,19,1.0338627509739287,1.42158474960428,94.73684210526315,0.23599041054839676
IQV,IQVIA,2024Q4,2024-10-31,1,33,1.179463459759482,1.420961540832488,90.9090909090909,0.14728373905517111
WELL,Welltower,2024Q4,2024-10-29,1,42,1.14726741760534,1.3966420566416404,88.09523809523809,0.44752187053154857
ADM,Archer Daniels Midland,2024Q4,2024-12-03,1,42,1.3245033112582782,1.3844056887414287,92.85714285714286,0.39593188268684965
GPN,Global Payments,2024Q4,2024-10-30,1,41,0.9548239988599115,1.3802203831483058,92.6829268292683,0.08626580546095375
LOW,Lowe's,2024Q4,2024-11-19,1,39,0.8822939643071986,1.377397131042735,87.17948717948718,-0.04317290067379631
GIS,General Mills,2024Q3,2024-09-18,2,42,1.0131712259371835,1.3623744195434395,92.85714285714286,0.48578785879722397
LHX,L3Harris,2025Q1,2025-01-30,0,42,1.1452368558042685,1.3436520720618863,90.47619047619048,0.428542083460255
FICO,Fair Isaac,2024Q4,2024-11-06,1,43,1.3692946058091287,1.3362108588047137,86.04651162790698,0.15195493835069618
ISRG,Intuitive Surgical,2025Q1,2025-01-23,0,41,1.2171267115844382,1.3338217567445465,87.8048780487805,0.12123630062553414
DOC,Healthpeak Properties,2024Q4,2024-10-25,1,41,1.22304879586433,1.314698071116776,92.6829268292683,0.10085428214861913
CTRA,Coterra,2024Q4,2024-11-01,1,42,1.227524204702628,1.3047298900973456,88.09523809523809,0.1509691807791831
V,Visa Inc.,2024Q4,2024-10-29,1,43,1.2563367864227464,1.2965794407841924,88.37209302325581,0.1773253001714412
TYL,Tyler Technologies,2024Q4,2024-10-24,1,42,1.3244024965748211,1.2928360363421605,92.85714285714286,0.5660433100874029
FDX,FedEx,2024Q3,2024-09-19,2,38,0.9164420485175202,1.266208670002618,92.10526315789474,0.16800130007677172
TT,Trane Technologies,2025Q1,2025-01-30,0,43,1.1683759574191872,1.243870502999766,88.37209302325581,0.14453509154234068
DAL,Delta Air Lines,2025Q1,2025-01-10,0,40,1.0273431326062905,1.239880564337867,92.5,0.26279328083534337
TTWO,Take-Two Interactive,2024Q3,2024-08-08,2,43,1.1853136744723909,1.2331544862242725,81.3953488372093,0.6616342573503508
MAS,Masco,2024Q4,2024-10-29,1,42,1.2504962286621675,1.2216774106128356,76.19047619047619,0.5449790845955667
NDSN,Nordson Corporation,2024Q4,2024-12-12,1,41,1.117123407226392,1.2132029548886263,90.2439024390244,0.2321676550140026
WY,Weyerhaeuser,2025Q1,2025-01-31,0,43,1.1434511434511436,1.212614710941763,88.37209302325581,0.11876553562627179
LNT,Alliant Energy,2024Q4,2024-11-01,1,38,1.5826494724501756,1.2029316298939614,84.21052631578947,0.33376454827533175
JCI,Johnson Controls,2024Q4,2024-11-06,1,43,1.0901304263188631,1.1785405034844365,88.37209302325581,0.22758684033978438
VICI,Vici Properties,2024Q4,2024-11-01,1,26,1.313910311339617,1.1711381815127506,92.3076923076923,0.24186238449112274
EQIX,Equinix,2024Q4,2024-10-30,1,42,1.0885700148441364,1.171138120215738,88.09523809523809,0.2113770323879961
SNA,Snap-on,2024Q4,2024-10-17,1,40,1.173563928350834,1.1678802578289305,87.5,-0.0423977089158214
JPM,JPMorgan Chase,2025Q1,2025-01-15,0,43,1.4190317195325544,1.1674479733943226,88.37209302325581,0.34086460362958926
GWW,W. W. Grainger,2025Q1,2025-01-31,0,32,1.1681268251981645,1.1562973245600296,90.625,0.028624062767225178
GM,General Motors,2025Q1,2025-01-28,0,43,1.1584875301689461,1.1542784311981666,88.37209302325581,0.011503672904714879
EQR,Equity Residential,2024Q4,2024-10-31,1,40,1.2752511003272768,1.1440144117824043,90.0,0.10768630689643266
TFX,Teleflex,2024Q4,2024-10-31,1,42,1.097266133531709,1.1226978666524643,85.71428571428571,0.23705107976826822
GEN,Gen Digital,2024Q3,2024-08-01,2,42,0.9003775776938717,1.108771669818795,80.95238095238095,0.17045057039460165
SMCI,Supermicro,2024Q4,2024-11-05,1,37,1.4496197718631179,1.0720583442860654,89.1891891891892,0.5047724855524169
GOOGL,Alphabet Inc. ,2024Q4,2024-10-29,1,42,0.8362676056338028,1.060496405056535,90.47619047619048,0.281832121762835
MAA,Mid-America Apartment Communities,2024Q4,2024-10-31,1,42,1.1297234125438256,1.042619661488967,92.85714285714286,0.16990769716117904
INCY,Incyte,2024Q4,2024-10-29,1,42,1.098728614032334,1.0069743739940038,88.09523809523809,0.30286709393683053
COO,Cooper Companies (The),2024Q4,2024-12-05,1,43,1.1674301758534062,1.0045724630811679,83.72093023255815,0.25928665940260975
ALLE,Allegion,2024Q4,2024-10-24,1,42,1.1275272161741834,0.9958283568110149,83.33333333333334,0.1539528072729317
AEP,American Electric Power,2024Q4,2024-11-06,1,41,1.240196972460332,0.977859442127453,92.6829268292683,0.20884383714680066
BKNG,Booking Holdings,2024Q4,2024-10-30,1,41,1.0202346539704132,0.9668043371732838,80.48780487804879,0.07995091922940367
CMI,Cummins,2024Q4,2024-11-05,1,36,1.1771747805267359,0.9607811489749161,88.88888888888889,0.08617552438986498
PTC,PTC Inc.,2024Q4,2024-11-06,1,43,1.2596401028277635,0.9541012298675767,81.3953488372093,0.09004945955290977
MTB,M&T Bank,2025Q1,2025-01-16,0,43,1.162219675888034,0.9512405689978392,83.72093023255815,0.0545699701074871
KEYS,Keysight Technologies,2024Q4,2024-11-19,1,39,0.9662828947368421,0.9402456216920174,82.05128205128204,0.030091714643223022
FTNT,Fortinet,2024Q4,2024-11-07,1,42,1.3182355923609939,0.938900764738217,73.80952380952381,-0.04532609648408581
AZO,AutoZone,2024Q4,2024-12-10,1,44,0.9979076130693707,0.9382877282841942,86.36363636363636,0.20528386670896948
BK,BNY Mellon,2025Q1,2025-01-15,0,42,1.1124220461823697,0.934298047819267,85.71428571428571,0.3126318272234081
TEL,TE Connectivity,2025Q1,2025-01-22,0,44,0.906801007556675,0.9124807999935887,86.36363636363636,0.0491958295631475
SO,Southern Company,2024Q4,2024-10-31,1,41,1.1894789747026302,0.9118683946539023,82.92682926829268,0.035879316509936254
DOV,Dover Corporation,2025Q1,2025-01-30,0,43,1.0892333472978635,0.9068264769123039,79.06976744186046,0.2107001158234555
WMB,Williams Companies,2024Q4,2024-11-07,1,35,1.0930576070901035,0.8879900680760424,85.71428571428571,0.012346252780937927
YUM,Yum! Brands,2024Q4,2024-11-05,1,42,0.904271905207359,0.8667561559418535,80.95238095238095,0.14643518457353188
MHK,Mohawk Industries,2024Q4,2024-10-26,1,42,1.1547344110854503,0.8625228617230405,78.57142857142857,0.21149997445365476
AMT,American Tower,2024Q3,2024-07-30,2,38,1.1545940690325718,0.8351213107432727,78.94736842105263,0.22379186450103472
MMC,Marsh McLennan,2025Q1,2025-01-30,0,43,1.1652542372881356,0.8308401095937046,79.06976744186046,-0.36220129248757993
BDX,Becton Dickinson,2024Q4,2024-11-07,1,43,0.8130081300813009,0.829972948505923,81.3953488372093,0.08736354153722192
UPS,United Parcel Service,2025Q1,2025-01-30,0,41,0.8208955223880596,0.801443794540773,73.17073170731707,0.1963834224661236
ROK,Rockwell Automation,2024Q4,2024-11-07,1,43,1.0619469026548671,0.7994495390628117,81.3953488372093,0.1875564536890021
CDNS,Cadence Design Systems,2024Q4,2024-10-28,1,42,0.9259259259259258,0.7785575819184605,80.95238095238095,0.34089733930180677
HUBB,Hubbell Incorporated,2024Q4,2024-10-29,1,41,1.3166277341261414,0.7755930126464092,78.04878048780488,-0.12604500695206666
JNPR,Juniper Networks,2023Q4,2023-10-26,5,38,0.989321608040201,0.7721749055669598,76.31578947368422,0.04540156362043413
DRI,Darden Restaurants,2024Q3,2024-09-19,2,41,1.148215481772079,0.7613433542041891,78.04878048780488,0.05704680953059427
FAST,Fastenal,2025Q1,2025-01-17,0,43,1.188340807174888,0.7605304201012947,74.4186046511628,0.3230948530008775
FSLR,First Solar,2024Q4,2024-10-29,1,40,1.2184508268059182,0.7524111303322035,75.0,-0.11192611332711944
REGN,Regeneron Pharmaceuticals,2024Q4,2024-10-31,1,41,1.427615436091903,0.7381956642262595,70.73170731707317,-0.017530096169444453
DAY,Dayforce,2024Q4,2024-10-30,1,23,0.9792552506120344,0.733035184710891,69.56521739130434,0.2670989074520477
NCLH,Norwegian Cruise Line Holdings,2024Q4,2024-10-31,1,42,1.1186663742048695,0.7304175295115178,71.42857142857143,0.15769363445197682
WFC,Wells Fargo,2025Q1,2025-01-15,0,43,1.1877643996095022,0.7247210618865542,81.3953488372093,0.11249558240520097
CHTR,Charter Communications,2025Q1,2025-01-31,0,43,0.8575689783743475,0.7207691704805445,74.4186046511628,0.03481812879466584
DVA,DaVita,2024Q4,2024-10-29,1,35,1.3003901170351104,0.7117355631408445,71.42857142857143,-0.48191414776438046
ORCL,Oracle Corporation,2024Q3,2024-09-09,2,43,0.6756756756756757,0.701194785593725,79.06976744186046,-0.095532550545404
IBM,IBM,2025Q1,2025-01-29,0,43,0.8542298153761366,0.6944478562363873,76.74418604651163,-0.039007105083242455
ATO,Atmos Energy,2024Q4,2024-11-07,1,39,1.1688835147118097,0.6824157308119778,84.61538461538461,-0.311379643182927
ARE,Alexandria Real Estate Equities,2025Q1,2025-01-28,0,40,1.2526096033402923,0.6760133916345,77.5,0.15055979068876035
KDP,Keurig Dr Pepper,2024Q4,2024-10-24,1,24,0.815814245371823,0.6753410785278849,70.83333333333334,0.17234427397048835
CPAY,Corpay,2024Q4,2024-11-07,1,41,0.9887760555852485,0.6714895096533673,78.04878048780488,0.24759609709132624
ANET,Arista Networks,2024Q4,2024-11-07,1,41,1.0185892538833716,0.6427788069660499,73.17073170731707,-0.015893504737318098
CAG,Conagra Brands,2024Q2,2024-04-04,3,41,0.9102730819245773,0.6425104011483109,82.92682926829268,0.3003103574244079
SYF,Synchrony Financial,2025Q1,2025-01-28,0,38,1.0612926305747676,0.62709264633051,68.42105263157895,0.07545536314905255
GDDY,GoDaddy,2024Q4,2024-10-30,1,38,0.8538899430740038,0.6270865705930254,73.68421052631578,0.11601870160563998
FIS,Fidelity National Information Services,2024Q4,2024-11-04,1,38,0.872190540087219,0.6220787589056936,76.31578947368422,0.06482738814147371
AON,Aon,2025Q1,2025-01-31,0,43,1.0739856801909307,0.6216182112547435,72.09302325581395,0.24250009260778216
VMC,Vulcan Materials Company,2024Q3,2024-08-06,2,40,0.9928716904276985,0.6110528815626303,72.5,-0.14737916476044288
CHD,Church & Dwight,2024Q4,2024-11-01,1,38,0.8948545861297539,0.6106069623183323,76.31578947368422,0.31538438745425723
CSGP,CoStar Group,2024Q4,2024-10-22,1,39,1.000690131124914,0.6082193691891701,82.05128205128204,0.18700350479484928
SNPS,Synopsys,2024Q4,2024-12-04,1,41,1.0228310502283104,0.604416364477304,73.17073170731707,0.14467517756091197
ICE,Intercontinental Exchange,2024Q4,2024-10-31,1,42,0.8982035928143712,0.5995588003993073,69.04761904761905,0.12300979436475878
DUK,Duke Energy,2024Q4,2024-11-07,1,36,1.1643835616438356,0.5967937176763958,75.0,0.2648333367562794
PM,Philip Morris International,2024Q4,2024-10-22,1,42,1.151801535735381,0.5906244357508896,73.80952380952381,0.07569118551037612
NSC,Norfolk Southern Railway,2025Q1,2025-01-29,0,43,0.927213722763097,0.5797160841966061,67.44186046511628,0.14521563786044778
NTAP,NetApp,2024Q3,2024-08-28,2,43,0.8465791292328957,0.5757820327467841,76.74418604651163,0.011951800040349125
XYL,Xylem Inc.,2024Q4,2024-10-31,1,42,0.8529997156667614,0.5459830122694189,66.66666666666666,-0.13116802074744482
GS,Goldman Sachs,2025Q1,2025-01-15,0,43,1.1029411764705883,0.5425301824309176,72.09302325581395,0.2279229469241395
AME,Ametek,2024Q4,2024-10-31,1,42,0.9054895302773062,0.5384510358531335,69.04761904761905,0.21092744320293721
ADSK,Autodesk,2024Q1,2024-02-29,4,43,0.838466803559206,0.5364877555316824,76.74418604651163,-0.11286872516380908
MDLZ,Mondelez International,2024Q4,2024-10-29,1,42,0.984898227183191,0.5229965140519862,71.42857142857143,-0.08866042092814097
PFG,Principal Financial Group,2024Q4,2024-10-25,1,42,1.1111111111111112,0.5143395541622385,64.28571428571429,0.16811322230041448
TPR,"Tapestry, Inc.",2024Q4,2024-11-07,1,44,0.7261217650344443,0.5080218037171169,72.72727272727273,0.2119829475537245
FI,Fiserv,2024Q4,2024-10-22,1,42,0.939261114589856,0.48964234349091695,66.66666666666666,0.26481234675587406
FRT,Federal Realty Investment Trust,2024Q4,2024-10-30,1,42,0.9330534173081408,0.4872444869980945,71.42857142857143,0.13724947446133318
MRNA,Moderna,2024Q4,2024-11-07,1,22,1.3222814288533649,0.4815887491575383,77.27272727272727,0.03727951094005455
ETN,Eaton Corporation,2025Q1,2025-01-31,0,43,1.1017964071856288,0.47032387765347244,65.11627906976744,0.23140337032992364
KEY,KeyCorp,2025Q1,2025-01-21,0,43,1.0126582278481013,0.46373291240459313,72.09302325581395,-0.14431488034451911
HIG,Hartford (The),2025Q1,2025-01-31,0,43,1.0762173606210304,0.45791965230568826,81.3953488372093,0.08643447428641982
AJG,Arthur J. Gallagher & Co.,2025Q1,2025-01-30,0,43,1.319305277221109,0.45597433473975024,69.76744186046511,-0.12508567126228054
PH,Parker Hannifin,2024Q4,2024-10-31,1,44,0.9675468655513001,0.44560155103131777,63.63636363636363,0.037395935400370006
KO,Coca-Cola Company (The),2024Q4,2024-10-23,1,42,0.8814589665653495,0.44331542017743847,78.57142857142857,0.06321384121716012
VST,Vistra Corp.,2024Q4,2024-11-07,1,29,1.1991279069767442,0.43773838572936724,65.51724137931035,0.24825627464710864
WST,West Pharmaceutical Services,2024Q4,2024-10-24,1,42,0.9835315645013724,0.4279106164798747,64.28571428571429,-0.03922844702268413
CRL,Charles River Laboratories,2024Q4,2024-11-06,1,35,1.0132890365448506,0.42314085904622517,71.42857142857143,0.12084404500769108
CINF,Cincinnati Financial,2024Q4,2024-10-25,1,42,1.282367447595561,0.42025258397852244,59.523809523809526,-0.14561268485477008
XOM,ExxonMobil,2025Q1,2025-01-31,0,42,0.8374519494783086,0.41951829570981375,66.66666666666666,0.25181946639658037
DHI,D. R. Horton,2025Q1,2025-01-21,0,44,1.0139764318991504,0.41709285503124105,72.72727272727273,0.08039822559367149
AEE,Ameren,2024Q4,2024-11-07,1,39,1.022964509394572,0.41626934323385395,69.23076923076923,-0.09605888836738097
COF,Capital One,2025Q1,2025-01-21,0,42,1.0081267359325172,0.4160862887240625,69.04761904761905,-0.25462217130400533
BAC,Bank of America,2025Q1,2025-01-16,0,42,0.8882487096386988,0.41487467944716366,73.80952380952381,0.13200530478467143
PNC,PNC Financial Services,2025Q1,2025-01-16,0,43,1.1353061604317884,0.40471472925424157,72.09302325581395,-0.21900572962995235
PARA,Paramount Global,2024Q4,2024-11-08,1,40,0.7556675062972292,0.40128996148652696,62.5,0.05933084265811328
MO,Altria,2025Q1,2025-01-30,0,43,0.9970817120622567,0.3997012690873049,62.7906976744186,-0.2510272138076374
WBD,Warner Bros. Discovery,2024Q4,2024-11-07,1,42,0.7600228006840205,0.39818048872816014,64.28571428571429,0.08854386833552297
APA,APA Corporation,2024Q4,2024-11-07,1,42,0.955509107196178,0.39472958110749823,69.04761904761905,-0.026166285473979034
SJM,J.M. Smucker Company (The),2024Q3,2024-08-28,2,41,1.0211027910142956,0.39442827174846484,73.17073170731707,0.04838128541057385
IPG,Interpublic Group of Companies (The),2024Q4,2024-10-22,1,42,0.9913573970513472,0.3901374584177181,78.57142857142857,0.042882646987260964
NWSA,News Corp ,2024Q4,2024-11-09,1,44,0.7803790412486065,0.35439182843411005,61.36363636363637,0.22005031506257733
BRO,Brown & Brown,2025Q1,2025-01-28,0,41,1.4340997040746641,0.3468803519315039,58.536585365853654,0.24036193499442926
LLY,Lilly (Eli),2024Q4,2024-10-30,1,41,1.1612475116124752,0.3452813209314307,60.97560975609756,-0.017997771406392804
MKC,McCormick & Company,2025Q1,2025-01-23,0,32,0.8315316813570598,0.34488369630081916,68.75,-0.3036034537780753
CTSH,Cognizant,2024Q4,2024-10-30,1,42,0.9326660600545951,0.3420012628675414,64.28571428571429,0.1792957190553881
SPG,Simon Property Group,2024Q4,2024-11-01,1,42,0.9920283436669619,0.33838537553136405,61.904761904761905,-0.3206208210108423
KMI,Kinder Morgan,2025Q1,2025-01-22,0,42,1.1572114027660174,0.33808535497203207,73.80952380952381,-0.2509294113153906
CNP,CenterPoint Energy,2024Q4,2024-10-28,1,42,1.176792556102901,0.3323380464995462,73.80952380952381,0.10152373889859967
FFIV,"F5, Inc.",2025Q1,2025-01-28,0,44,0.8314855875831485,0.3315536294663847,59.09090909090909,0.21223244440431566
CRWD,CrowdStrike,2024Q2,2024-06-04,3,19,0.747301411569333,0.33041033782520673,68.42105263157895,0.11194229554723356
T,AT&T,2025Q1,2025-01-27,0,41,0.8951190677250466,0.31926352778852557,65.85365853658537,-0.2326399140697012
VRSK,Verisk Analytics,2024Q4,2024-10-30,1,42,0.8991228070175439,0.3116854333819459,71.42857142857143,0.1712062223234656
MLM,Martin Marietta Materials,2024Q4,2024-10-30,1,42,0.914538000630716,0.3097780363589489,69.04761904761905,0.1467623246543056
AAPL,Apple Inc.,2025Q1,2025-01-30,0,44,0.9201171058134672,0.30265821716074387,61.36363636363637,-0.0708169021983398
EG,Everest Group,2024Q4,2024-10-31,1,32,1.153721156971076,0.30230585000307447,71.875,0.08201422010435722
HSY,Hershey Company (The),2024Q4,2024-11-07,1,42,1.0384850335980453,0.30132831503615765,71.42857142857143,-0.5623687550892544
LMT,Lockheed Martin,2025Q1,2025-01-28,0,43,1.1708744968898646,0.2999198255989677,67.44186046511628,0.24242884297598577
MAR,Marriott International,2024Q4,2024-11-04,1,42,1.0490543735224587,0.2925134651798578,57.14285714285714,0.3115418022854489
SWKS,Skyworks Solutions,2024Q4,2024-11-12,1,43,0.8149010477299184,0.29247817013856414,62.7906976744186,0.011688196324296074
ZBH,Zimmer Biomet,2024Q4,2024-10-30,1,41,0.991407799074686,0.2835990953349701,65.85365853658537,0.13995852371236717
CARR,Carrier Global,2024Q4,2024-10-24,1,18,0.9570154095701542,0.2834386888295184,55.55555555555556,-0.17740572485098038
PANW,Palo Alto Networks,2024Q4,2024-11-20,1,40,0.7467204843592331,0.2790884487370911,65.0,-0.1711317414324145
PNR,Pentair,2024Q4,2024-10-22,1,42,1.004107713372889,0.27725655051155673,66.66666666666666,-0.015606766572726194
KHC,Kraft Heinz,2024Q4,2024-10-30,1,38,0.8126077320856931,0.27330290528082535,65.78947368421053,0.09433159481514253
ALGN,Align Technology,2024Q4,2024-10-23,1,42,0.9647779479326187,0.26852199683449735,61.904761904761905,-0.11333433847909824
PLD,Prologis,2025Q1,2025-01-21,0,41,1.0026095316577393,0.26263495055834835,65.85365853658537,-0.082708526828845
HON,Honeywell,2024Q4,2024-10-24,1,42,1.0050251256281406,0.259761740446768,66.66666666666666,0.4408227909977904
BA,Boeing,2025Q1,2025-01-28,0,31,0.8925823330255463,0.25743257964870925,58.06451612903226,-0.12833816906650386
RF,Regions Financial Corporation,2025Q1,2025-01-17,0,43,1.165934437309902,0.2382577319034556,58.139534883720934,0.012429557096947264
BIIB,Biogen,2024Q4,2024-10-30,1,42,1.142513529765484,0.23355187410408582,59.523809523809526,0.012570026940625256
FCX,Freeport-McMoRan,2025Q1,2025-01-23,0,42,0.8105187319884726,0.23242629213267696,61.904761904761905,-0.09408653116942223
PEG,Public Service Enterprise Group,2024Q4,2024-11-04,1,42,1.068006910632951,0.23055836631128204,54.761904761904766,0.22630578836478799
ACN,Accenture,2024Q4,2024-12-19,1,41,0.8392141903490368,0.22848259749327376,63.41463414634146,0.28891702988238477
RMD,ResMed,2024Q4,2024-10-24,1,42,0.7038365995031741,0.2164460698249366,54.761904761904766,0.20591128829985467
FITB,Fifth Third Bancorp,2025Q1,2025-01-21,0,43,1.0004920452681647,0.21278071135337234,60.46511627906976,0.19041103716735464
VTR,Ventas,2024Q4,2024-10-31,1,42,0.975609756097561,0.21234148379179735,54.761904761904766,0.17992916502055034
BG,Bunge Global,2024Q4,2024-10-30,1,42,1.2687427912341407,0.2044772657441963,66.66666666666666,0.14444547705550237
SYK,Stryker Corporation,2025Q1,2025-01-28,0,43,0.9312143034517011,0.20126385030801752,60.46511627906976,0.25040522599733506
MCHP,Microchip Technology,2024Q3,2024-08-01,2,42,0.9220284626177591,0.19721204157494326,54.761904761904766,-0.05351784331356246
NOC,Northrop Grumman,2025Q1,2025-01-30,0,43,0.9562841530054645,0.18061970241506112,58.139534883720934,-0.16920824992081573
CBRE,CBRE Group,2024Q4,2024-10-24,1,42,0.9554831704668839,0.17780754532636203,66.66666666666666,0.2271367137739705
PPG,PPG Industries,2025Q1,2025-01-31,0,43,0.8632502055357631,0.17492978223321828,58.139534883720934,0.06971823967261004
BLDR,Builders FirstSource,2024Q4,2024-11-05,1,40,1.01135833203672,0.17226601279957085,55.00000000000001,0.13358423465348068
EMN,Eastman Chemical Company,2025Q1,2025-01-31,0,43,0.7705986959098993,0.16951124789816743,65.11627906976744,0.10393202924323253
HBAN,Huntington Bancshares,2025Q1,2025-01-17,0,43,1.00837463681422,0.16703850694845412,65.11627906976744,0.03125969724106492
ORLY,O'Reilly Auto Parts,2024Q4,2024-10-24,1,42,0.8938981733385153,0.16377291069537164,59.523809523809526,0.14877016416770905
FE,FirstEnergy,2024Q4,2024-10-30,1,42,0.9916492693110648,0.16294526729296632,66.66666666666666,-0.09388320308272147
TAP,Molson Coors Beverage Company,2024Q4,2024-11-07,1,42,0.809476801579467,0.15496194409443087,59.523809523809526,-0.12058272223005684
TFC,Truist Financial,2025Q1,2025-01-17,0,41,1.1023622047244095,0.14467463051574456,53.65853658536586,0.14533461981166795
ABBV,AbbVie,2025Q1,2025-01-31,0,42,1.0368349249658937,0.14287799563191692,57.14285714285714,-0.5627134378493115
CI,Cigna,2025Q1,2025-01-30,0,38,0.8682855040470936,0.13726358799670504,52.63157894736842,0.18970912958372288
PPL,PPL Corporation,2024Q4,2024-11-01,1,42,1.0926473935806966,0.13526984120751143,61.904761904761905,0.07598543368236266
CL,Colgate-Palmolive,2025Q1,2025-01-31,0,40,0.7285362026451468,0.1300950793012031,52.5,0.06723660517533658
HRL,Hormel Foods,2024Q4,2024-12-04,1,40,0.9477009477009477,0.1181554725300928,60.0,0.059132263743214675
SRE,Sempra,2024Q4,2024-11-06,1,37,0.90687900906879,0.11232479334146234,56.75675675675676,-0.2637925867414378
USB,U.S. Bancorp,2025Q1,2025-01-16,0,40,0.9396206716547765,0.10777538177121088,52.5,0.17002745663985575
A,Agilent Technologies,2024Q4,2024-11-25,1,42,1.0342873335222442,0.10635872228175854,57.14285714285714,-0.11432298979029132
F,Ford Motor Company,2024Q4,2024-10-28,1,42,0.841779762927332,0.09503739463306,57.14285714285714,-0.21468653944060967
CF,CF Industries,2024Q4,2024-10-31,1,42,0.9455626097528029,0.09486194919458167,59.523809523809526,0.04132915311490726
AMAT,Applied Materials,2024Q4,2024-11-14,1,43,0.7758772703226944,0.08607434404368683,46.51162790697674,0.09202666537792847
D,Dominion Energy,2024Q4,2024-11-01,1,40,1.057433132904831,0.08190084026555895,62.5,0.24091055845718445
HAL,Halliburton,2025Q1,2025-01-22,0,43,0.9318293281020108,0.07927789311883357,51.162790697674424,-0.23381484367713024
CMCSA,Comcast,2025Q1,2025-01-30,0,43,0.6712660824165579,0.0731409968034968,55.81395348837209,-0.13753365876752488
INVH,Invitation Homes,2024Q4,2024-10-31,1,29,1.0086244701067095,0.06548219536792128,55.172413793103445,-0.08875016525931345
LULU,Lululemon Athletica,2024Q4,2024-12-05,1,42,0.6155805561451921,0.059767523116201565,52.38095238095239,-0.03978667549322601
IDXX,Idexx Laboratories,2025Q1,2025-02-03,0,43,0.8443093549476529,0.04774841186738991,58.139534883720934,-0.02435662230157154
NI,NiSource,2024Q4,2024-10-30,1,38,1.0160307067058025,0.04515938956685734,52.63157894736842,0.18841188428915545
OXY,Occidental Petroleum,2024Q4,2024-11-13,1,42,0.9830908375933936,0.033997472886048215,59.523809523809526,0.288138386971594
BWA,BorgWarner,2024Q4,2024-10-31,1,41,1.0732492621411323,0.01944870448506645,58.536585365853654,-0.2182169318320255
ROL,"Rollins, Inc.",2024Q4,2024-10-24,1,42,0.8629339755167571,0.0056371686411527,50.0,-0.09465836374452885
TXT,Textron,2024Q3,2024-07-18,2,39,0.8094186902133923,0.0032216389679477673,43.58974358974359,-0.3251031898514375
MMM,3M,2025Q1,2025-01-21,0,42,0.8311759095244583,-0.03152768162554635,52.38095238095239,0.14576814156975482
MOS,Mosaic Company (The),2024Q4,2024-11-12,1,42,1.046831955922865,-0.034034129938583006,54.761904761904766,-0.12716489005575782
CCL,Carnival,2024Q4,2024-12-20,1,40,0.9248554913294799,-0.03894746121243876,45.0,0.010392913951877136
PWR,Quanta Services,2024Q4,2024-10-31,1,42,0.8816425120772946,-0.05287916213918019,57.14285714285714,0.04766567810046063
BX,Blackstone Inc.,2025Q1,2025-01-30,0,40,0.9484711211778029,-0.059015529226788675,45.0,0.2819213930599288
IVZ,Invesco,2025Q1,2025-01-28,0,43,1.1244491718583802,-0.059393969844428976,48.837209302325576,0.1316280324051955
SWK,Stanley Black & Decker,2024Q4,2024-10-29,1,42,1.0910815939278937,-0.06493337672768999,52.38095238095239,-0.19691428448529535
DXCM,Dexcom,2024Q4,2024-10-24,1,41,0.7628965851295714,-0.0656720671662328,51.21951219512195,0.015742884939818125
AXON,Axon Enterprise,2024Q4,2024-11-07,1,41,0.7550146495379761,-0.0689335342178728,53.65853658536586,-0.3557224760089779
AMP,Ameriprise Financial,2025Q1,2025-01-30,0,43,1.050420168067227,-0.07192105095689919,44.18604651162791,-0.11627313543285278
MGM,MGM Resorts,2024Q4,2024-10-30,1,40,0.9195402298850575,-0.07227726461023538,55.00000000000001,0.03925853974421234
DHR,Danaher Corporation,2025Q1,2025-01-29,0,42,1.0392849719393058,-0.07388413691577983,45.23809523809524,-0.21501403675986475
ANSS,Ansys,2023Q4,2023-11-02,5,38,0.9193927731451785,-0.07923293126736482,55.26315789473685,0.127028285480853
HWM,Howmet Aerospace,2024Q4,2024-11-06,1,18,1.1707109408258833,-0.08296509360487557,61.111111111111114,0.17704981353446647
AMD,Advanced Micro Devices,2024Q4,2024-10-29,1,42,0.8478975601315106,-0.08677847993514776,47.61904761904761,0.24777753612670972
UNP,Union Pacific Corporation,2025Q1,2025-01-23,0,43,0.8324552160168598,-0.08823970352688672,53.48837209302325,0.18429167937069058
PHM,PulteGroup,2025Q1,2025-01-30,0,43,1.023502653525398,-0.08988981569203604,53.48837209302325,-0.2506020296701943
DG,Dollar General,2024Q4,2024-12-05,1,40,0.8823010411152286,-0.11005261658857424,40.0,0.036134177009626955
CB,Chubb Limited,2025Q1,2025-01-29,0,42,1.0838933448948622,-0.11191317361297083,47.61904761904761,0.02676791289648861
UAL,United Airlines Holdings,2025Q1,2025-01-22,0,36,0.8082191780821918,-0.12182230370012795,41.66666666666667,-0.030016116035455287
CPT,Camden Property Trust,2024Q4,2024-11-01,1,42,0.9364717792963807,-0.1246635069089384,42.857142857142854,-0.0033438722488929873
STX,Seagate Technology,2024Q4,2024-10-22,1,44,0.9610604805302403,-0.13332681597383875,47.72727272727273,0.2956137994455622
JNJ,Johnson & Johnson,2025Q1,2025-01-22,0,43,0.8161599673536014,-0.14003017546917382,48.837209302325576,-0.09947116410486811
MNST,Monster Beverage,2024Q4,2024-11-07,1,42,0.9352787130564909,-0.1446755774422233,50.0,-0.6300652985925809
WEC,WEC Energy Group,2024Q4,2024-10-31,1,42,0.8479834539813857,-0.14819939085445843,47.61904761904761,0.03256462521933978
EBAY,eBay,2024Q4,2024-10-30,1,42,0.6844106463878328,-0.14925702783114353,47.61904761904761,0.1622767076818169
ETR,Entergy,2024Q4,2024-10-31,1,42,1.0141987829614605,-0.1642250263186732,50.0,0.3789046653144017
VZ,Verizon,2025Q1,2025-01-24,0,43,0.6692693809258227,-0.17124039693863072,51.162790697674424,-0.10714856880440504
CTAS,Cintas,2024Q3,2024-09-25,2,32,0.9708737864077669,-0.17670168233118247,50.0,0.23102519728182058
TECH,Bio-Techne,2024Q4,2024-10-30,1,44,0.8495145631067961,-0.18064176594241024,50.0,-0.3853032506583861
DTE,DTE Energy,2024Q4,2024-10-24,1,41,0.9012192966955292,-0.19196825953026372,36.58536585365854,-0.2138041774828745
META,Meta Platforms,2025Q1,2025-01-29,0,43,0.6642066420664207,-0.20402138764674527,46.51162790697674,-0.06404172895695992
DLTR,Dollar Tree,2024Q4,2024-12-04,1,34,0.7753403933434191,-0.20663927269623333,50.0,0.014636198603145245
RCL,Royal Caribbean Group,2025Q1,2025-01-28,0,43,0.8333333333333334,-0.21018666529595723,51.162790697674424,0.029345553947580094
WRB,W. R. Berkley Corporation,2025Q1,2025-01-27,0,42,1.2626633387167816,-0.22292013122366097,38.095238095238095,-0.2782936766927886
CLX,Clorox,2024Q4,2024-10-30,1,43,0.7748883635408458,-0.23009938839188449,41.86046511627907,-0.3718232722095759
BALL,Ball Corporation,2024Q4,2024-10-31,1,42,0.9082918253735717,-0.23545594071619605,35.714285714285715,-0.08736095824723888
K,Kellanova,2024Q3,2024-08-01,2,41,0.7179054054054055,-0.23621815485014028,39.02439024390244,-0.3987446444450433
GRMN,Garmin,2024Q4,2024-10-30,1,41,0.9956709956709957,-0.2416950210825962,36.58536585365854,-0.3462506361057085
EXPE,Expedia Group,2024Q4,2024-11-07,1,38,0.7232267037552156,-0.2564344273611854,44.73684210526316,-0.1433244227612489
PRU,Prudential Financial,2024Q4,2024-10-31,1,42,0.9457861847660868,-0.25648817499592785,40.476190476190474,-0.09982004437740588
DOW,Dow Inc.,2025Q1,2025-01-30,0,37,0.6838222062263811,-0.25999848881642995,37.83783783783784,-0.17988482434884767
AVB,AvalonBay Communities,2024Q4,2024-11-05,1,38,1.2344353799914127,-0.29783085175645707,36.84210526315789,0.2949265617946104
MU,Micron Technology,2024Q4,2024-12-18,1,39,0.8485362749257531,-0.30283839710104177,41.02564102564102,0.2069742107695467
NEM,Newmont,2024Q4,2024-10-24,1,42,0.7740270909481831,-0.3082999358670006,35.714285714285715,0.09551980697292872
GE,GE Aerospace,2025Q1,2025-01-24,0,36,0.7386888273314866,-0.3203240439653349,36.11111111111111,-0.08690456792135137
HPE,Hewlett Packard Enterprise,2024Q4,2024-12-05,1,35,0.6458966565349544,-0.3211690285583171,45.714285714285715,0.025479284848547223
LRCX,Lam Research,2024Q4,2024-10-23,1,44,0.9589620645889154,-0.3372745985480129,31.818181818181817,0.25726239204876267
ABNB,Airbnb,2024Q4,2024-11-07,1,15,0.80040020010005,-0.3380132907657205,46.666666666666664,-0.1817201726020402
KKR,KKR,2024Q4,2024-10-24,1,42,0.9241432422025414,-0.3498305220970228,42.857142857142854,0.0007402752028441428
EMR,Emerson Electric,2024Q4,2024-11-05,1,42,0.748829953198128,-0.3531700599017027,38.095238095238095,-0.02995346081997352
DGX,Quest Diagnostics,2025Q1,2025-01-30,0,43,0.8827238335435058,-0.3554386886456279,39.53488372093023,0.010275744204821469
FOXA,Fox Corporation ,2024Q2,2024-05-08,3,22,0.6145442130419939,-0.3557294000234977,36.36363636363637,-0.17701251519019612
L,Loews Corporation,2022Q4,2022-10-31,9,31,0.8941877794336811,-0.36161456436408296,41.935483870967744,-0.4442443429372559
ODFL,Old Dominion,2024Q4,2024-10-23,1,37,1.041780897028183,-0.3634911713411661,27.027027027027028,0.022750817224622688
CFG,Citizens Financial Group,2025Q1,2025-01-17,0,42,0.8930198651357755,-0.36670774181944205,40.476190476190474,0.03330904059493922
ELV,Elevance Health,2025Q1,2025-01-23,0,43,0.905581947743468,-0.3667374453363017,41.86046511627907,0.09307236626255422
LEN,Lennar,2024Q3,2024-09-20,2,37,0.8760683760683761,-0.36687532246296656,29.72972972972973,-0.14381943627226645
CNC,Centene Corporation,2024Q4,2024-10-25,1,42,0.9083728278041073,-0.3697499030312457,35.714285714285715,-0.06436114419294503
GD,General Dynamics,2024Q4,2024-10-23,1,42,0.9313406974225688,-0.371335032269045,35.714285714285715,-0.03484287745665826
RTX,RTX Corporation,2025Q1,2025-01-28,0,43,0.7881938621499246,-0.374472528493707,41.86046511627907,0.26944478848755615
XEL,Xcel Energy,2024Q4,2024-10-31,1,40,0.9602400600150038,-0.37664295414136273,37.5,-0.2295395381905745
BMY,Bristol Myers Squibb,2024Q4,2024-10-31,1,42,0.8412787436904094,-0.38195159372139537,28.57142857142857,0.06446714948751098
SHW,Sherwin-Williams,2025Q1,2025-01-30,0,42,0.7860886136255361,-0.3906554460810923,30.952380952380953,-0.06076253141263188
CPB,Campbell Soup Company,2024Q4,2024-12-04,1,42,0.8217569947172765,-0.39120501675119534,42.857142857142854,-0.3477093033903145
EFX,Equifax,2024Q4,2024-10-17,1,41,0.6648697214734951,-0.39121532367437906,46.34146341463415,0.13315330356304733
IFF,International Flavors & Fragrances,2024Q4,2024-11-06,1,42,0.8697296275288334,-0.39224663820447775,35.714285714285715,0.18766483137319867
HUM,Humana,2024Q4,2024-10-30,1,35,0.9556907037358819,-0.39237702985318484,34.285714285714285,-0.3416490944557049
SBUX,Starbucks,2025Q1,2025-01-28,0,44,0.6433566433566433,-0.3926361458488092,38.63636363636363,-0.047251091449986515
UHS,Universal Health Services,2024Q4,2024-10-25,1,41,1.02427388803143,-0.39405986159354645,36.58536585365854,-0.39036958358011664
AVGO,Broadcom,2024Q4,2024-12-12,1,41,0.8729139922978177,-0.39472525659015384,36.58536585365854,-0.10882565034895231
BAX,Baxter International,2024Q4,2024-11-08,1,41,0.798782807151008,-0.3956009632063961,36.58536585365854,0.27335907833744866
HST,Host Hotels & Resorts,2024Q4,2024-11-07,1,41,0.8558387219475087,-0.40485446441173256,29.268292682926827,-0.026314637021050524
LVS,Las Vegas Sands,2025Q1,2025-01-29,0,43,0.8501905599530929,-0.4130060963251965,48.837209302325576,0.045480059462415734
OKE,ONEOK,2024Q4,2024-10-30,1,39,1.0131950989632421,-0.4434303262639342,28.205128205128204,-0.0540407601616244
MOH,Molina Healthcare,2024Q4,2024-10-24,1,42,1.0614233513137288,-0.447910096145306,33.33333333333333,-0.3411543590729278
ALB,Albemarle Corporation,2024Q4,2024-11-07,1,42,0.8755928493250638,-0.4503702835672023,35.714285714285715,0.13022970146581603
ZBRA,Zebra Technologies,2024Q4,2024-10-29,1,42,0.7917432489749753,-0.4531488128572934,28.57142857142857,0.2334467026233783
CZR,Caesars Entertainment,2024Q4,2024-10-29,1,42,0.9277667329357191,-0.46399782833842945,28.57142857142857,-0.026186670109593746
JBHT,J.B. Hunt,2025Q1,2025-01-16,0,24,0.8459944751381214,-0.4682039220860626,20.833333333333336,0.09674372588737212
EOG,EOG Resources,2024Q4,2024-11-08,1,41,0.7902824528025758,-0.47309338860836064,29.268292682926827,-0.09939726249991543
KMB,Kimberly-Clark,2025Q1,2025-01-28,0,43,0.8724553385957623,-0.4733433772480841,30.23255813953488,0.22454715644100476
TDG,TransDigm Group,2024Q4,2024-11-07,1,42,1.1465866995942848,-0.4747734789245517,28.57142857142857,-0.19378698034072728
NUE,Nucor,2025Q1,2025-01-28,0,43,0.8243606998654105,-0.4807047735032657,32.55813953488372,-0.13042728103882995
AIZ,Assurant,2024Q4,2024-11-06,1,42,0.8690054715159318,-0.4849863868061993,30.952380952380953,0.11673569200879819
CSX,CSX Corporation,2025Q1,2025-01-23,0,43,0.8718782325993794,-0.4867359003861066,30.23255813953488,-0.042346021232295916
ZTS,Zoetis,2024Q4,2024-11-04,1,42,0.70999453850355,-0.4992216372250832,33.33333333333333,-0.20234893197945536
WTW,Willis Towers Watson,2024Q4,2024-10-31,1,42,0.9275237273511647,-0.5005749604134697,33.33333333333333,-0.01110443149360063
RSG,Republic Services,2024Q4,2024-10-29,1,42,0.7610804357558574,-0.5069607384305569,33.33333333333333,-0.3873742171743908
COST,Costco,2024Q4,2024-12-12,1,40,0.784412955465587,-0.531883067930922,27.500000000000004,-0.0962429813701251
QCOM,Qualcomm,2024Q4,2024-11-06,1,43,0.7905138339920948,-0.5326918260167491,25.581395348837212,0.24644419307805787
FANG,Diamondback Energy,2024Q4,2024-11-05,1,42,0.9162848812994586,-0.5394376875995439,23.809523809523807,0.14371124537478464
WAT,Waters Corporation,2024Q4,2024-11-01,1,42,0.8263069139966273,-0.5502077742465815,33.33333333333333,-0.017161112680500912
KIM,Kimco Realty,2024Q4,2024-10-31,1,42,0.849295265630647,-0.5550631713967418,28.57142857142857,0.1451938750304005
AMGN,Amgen,2024Q4,2024-10-30,1,42,0.9200572480065425,-0.5559643254341019,30.952380952380953,0.047378796451384875
MSFT,Microsoft,2024Q4,2024-10-30,1,44,0.5911330049261084,-0.564492864624354,25.0,-0.15493680589190384
BEN,Franklin Resources,2025Q1,2025-01-31,0,40,0.924182782817046,-0.5675687945321554,30.0,0.19043016227197263
MRK,Merck & Co.,2024Q4,2024-10-31,1,41,0.8849557522123894,-0.5681809592310677,36.58536585365854,-0.06728124899680044
WDC,Western Digital,2024Q4,2024-10-24,1,42,0.758631367084688,-0.5776953424912132,26.190476190476193,-0.0669828093148287
VRTX,Vertex Pharmaceuticals,2024Q4,2024-11-04,1,42,0.8830497523153134,-0.5780808779846615,28.57142857142857,-0.1322985357602473
TJX,TJX Companies,2024Q2,2024-05-22,3,44,0.7190717437489785,-0.5793890209916777,27.27272727272727,0.1278072005485208
EW,Edwards Lifesciences,2024Q4,2024-10-24,1,42,1.2055455093429777,-0.5873614406164717,23.809523809523807,0.4245728433862861
HLT,Hilton Worldwide,2024Q4,2024-10-23,1,42,0.7631469404745387,-0.5893169667688128,30.952380952380953,0.06482291812816998
CCI,Crown Castle,2024Q4,2024-10-16,1,42,0.8886067914947636,-0.6087847228192035,21.428571428571427,-0.047848058003564065
DECK,Deckers Brands,2024Q3,2024-07-25,2,40,0.5821596244131455,-0.6097751248707513,27.500000000000004,0.01123296652996586
ROST,Ross Stores,2024Q4,2024-11-21,1,41,0.8483793778551229,-0.6161930349617061,24.390243902439025,0.084502277193096
RL,Ralph Lauren Corporation,2024Q3,2024-08-07,2,44,0.5389332837762497,-0.6230954915884048,27.27272727272727,0.22971868884736907
AOS,A. O. Smith,2025Q1,2025-01-30,0,43,0.8531383302864107,-0.6278001592748287,25.581395348837212,-0.18177053594775672
TSLA,"Tesla, Inc.",2025Q1,2025-01-29,0,43,0.8598887202832575,-0.6313084742195603,18.6046511627907,0.6484722297969996
TMO,Thermo Fisher Scientific,2025Q1,2025-01-30,0,42,0.799827064418504,-0.6379002226766822,35.714285714285715,0.09901843908157681
NTRS,Northern Trust,2025Q1,2025-01-23,0,41,0.8754208754208754,-0.6381476448264858,24.390243902439025,0.08206068989664739
CMS,CMS Energy,2024Q4,2024-10-31,1,42,0.8054161316680285,-0.6429577461016087,21.428571428571427,-0.16354134186507763
ADP,Automatic Data Processing,2024Q4,2024-10-30,1,44,0.7943863365550111,-0.6573733946853223,31.818181818181817,-0.09744335274303262
TGT,Target Corporation,2024Q4,2024-11-20,1,39,0.501002004008016,-0.6637238350125493,30.76923076923077,-0.2040868985057792
RJF,Raymond James Financial,2025Q1,2025-01-29,0,40,1.065203357004519,-0.664939872988168,22.5,-0.34349535755790406
AIG,American International Group,2024Q4,2024-11-05,1,40,0.9466635880858923,-0.6680888162516355,32.5,0.16198060001307368
STZ,Constellation Brands,2024Q3,2024-07-03,2,37,0.7640700708162504,-0.6685110421000422,21.62162162162162,-0.11748508289080206
DPZ,Domino's,2024Q4,2024-10-10,1,42,0.6779661016949152,-0.6751141277577307,23.809523809523807,-0.09796637856645152
PNW,Pinnacle West,2024Q4,2024-11-06,1,42,0.7940289026520565,-0.6769328770302816,21.428571428571427,0.029892376926126785
PODD,Insulet Corporation,2024Q4,2024-11-07,1,42,0.728021978021978,-0.6811316099541245,30.952380952380953,0.041888261730291365
TRMB,Trimble Inc.,2024Q4,2024-11-06,1,42,0.7887411073306526,-0.6836069877816238,23.809523809523807,0.19850274183689554
LKQ,LKQ Corporation,2024Q4,2024-10-24,1,42,0.7477710670117919,-0.6845979068334032,33.33333333333333,-0.31789713575318523
PG,Procter & Gamble,2024Q4,2024-10-18,1,44,0.6352910670296901,-0.6906364365353711,27.27272727272727,-0.17297116916249677
LDOS,Leidos,2024Q4,2024-10-29,1,42,0.799702436302771,-0.6993881251239505,23.809523809523807,0.03059754348653798
INTC,Intel,2025Q1,2025-01-30,0,43,0.6007008176205573,-0.716192747752949,20.930232558139537,0.18168389578332927
IEX,IDEX Corporation,2024Q4,2024-10-30,1,42,0.7244395844723893,-0.7234253697815334,26.190476190476193,-0.05213378553246428
CAT,Caterpillar Inc.,2025Q1,2025-01-30,0,43,0.8198489751887811,-0.723976336011023,20.930232558139537,-0.06383372107098062
PAYX,Paychex,2024Q4,2024-10-01,1,35,0.7737824305871643,-0.7306812646331421,22.857142857142858,-0.14977539834150866
HES,Hess Corporation,2023Q3,2023-07-26,6,37,0.8558871154291001,-0.7390655811704174,24.324324324324326,-0.0826162187274817
ITW,Illinois Tool Works,2024Q4,2024-10-30,1,42,0.878136200716846,-0.7406440410658398,26.190476190476193,-0.15228578161877715
MS,Morgan Stanley,2025Q1,2025-01-16,0,38,0.885549443177244,-0.755494841049578,23.684210526315788,0.22123274035728746
COP,ConocoPhillips,2024Q4,2024-10-31,1,42,0.8227944537559043,-0.7588453032952599,23.809523809523807,0.08604928864605044
O,Realty Income,2024Q4,2024-11-05,1,41,0.913927158641386,-0.7596930257525133,21.951219512195124,-0.31739774695703793
CHRW,C.H. Robinson,2025Q1,2025-01-29,0,43,0.676223965377333,-0.7762798612445496,20.930232558139537,-0.01942820853571048
EL,Estée Lauder Companies (The),2024Q4,2024-10-31,1,36,0.6384852487890798,-0.7825059560647037,22.22222222222222,0.06767796420087635
DLR,Digital Realty,2024Q4,2024-10-24,1,42,0.7148530579825259,-0.7848395366764318,21.428571428571427,-0.11717205975687761
TSN,Tyson Foods,2025Q1,2025-02-03,0,44,0.7348342714196373,-0.7903958107588187,25.0,-0.023288472262673166
MCK,McKesson Corporation,2024Q3,2024-08-07,2,43,0.859352621025494,-0.7941916513156648,20.930232558139537,-0.08919581243239616
AFL,Aflac,2024Q4,2024-10-31,1,42,0.7266855066612838,-0.8223144736290069,16.666666666666664,0.36856458818645765
ABT,Abbott Laboratories,2025Q1,2025-01-22,0,43,0.6552880219445292,-0.827471659100646,20.930232558139537,0.2310633291417205
EVRG,Evergy,2024Q4,2024-11-07,1,25,0.7338740826573967,-0.839602599484764,20.0,0.2152915416029456
ROP,Roper Technologies,2025Q1,2025-01-30,0,43,0.7645803698435277,-0.8511173043669987,16.27906976744186,-0.1432878211450398
STT,State Street Corporation,2025Q1,2025-01-22,0,43,0.7303906001905367,-0.8852176515166286,25.581395348837212,0.03034817337679041
TER,Teradyne,2025Q1,2025-01-30,0,43,0.9950966253244881,-0.8879889955523588,16.27906976744186,0.14664723971887073
EPAM,EPAM Systems,2024Q4,2024-11-07,1,42,0.9866257399693049,-0.8893448779150518,19.047619047619047,-0.23192771915019195
APH,Amphenol,2025Q1,2025-01-22,0,43,0.7951934970842905,-0.8971037683352865,16.27906976744186,-0.37119979615427334
NVDA,Nvidia,2024Q2,2024-05-22,3,44,0.6146281499692685,-0.9098500308529974,15.909090909090908,0.18274750607449036
LIN,Linde plc,2024Q4,2024-10-31,1,22,0.6956037840845853,-0.9152276172277469,13.636363636363635,-0.12005690107039013
PLTR,Palantir Technologies,2024Q4,2024-11-04,1,16,0.5310457516339869,-0.9204011962703075,25.0,0.10369532428355954
NEE,NextEra Energy,2025Q1,2025-01-24,0,43,0.7240204429301533,-0.922707061723269,25.581395348837212,-0.061084985513094714
POOL,Pool Corporation,2024Q4,2024-10-24,1,42,0.7670182166826461,-0.9230955267304773,14.285714285714285,-0.21202678503497674
CVX,Chevron Corporation,2025Q1,2025-01-31,0,42,0.7506568247216314,-0.9249823668611273,14.285714285714285,-0.055394762579956014
TSCO,Tractor Supply,2025Q1,2025-01-30,0,43,0.6918819188191881,-0.9291041143168954,20.930232558139537,-0.004088777151507905
PAYC,Paycom,2024Q4,2024-10-30,1,42,0.7332205301748449,-0.9332354124882798,21.428571428571427,-0.41220798281349613
EIX,Edison International,2024Q4,2024-10-29,1,42,0.9587134683779187,-0.9432110603417412,19.047619047619047,0.14172000432563103
FDS,FactSet,2024Q4,2024-12-19,1,44,0.7483492296404989,-0.9508227103484291,20.454545454545457,-0.15115449244386836
UBER,Uber,2024Q4,2024-10-31,1,22,0.4134459823836059,-0.9517931284466505,9.090909090909092,-0.26288252003185303
TXN,Texas Instruments,2025Q1,2025-01-23,0,41,0.7233563735733805,-0.9832272014160471,14.634146341463413,-0.05763398867321312
PFE,Pfizer,2024Q4,2024-10-29,1,42,0.8311134789557806,-0.9970439318058777,14.285714285714285,-0.03745420377119413
DE,Deere & Company,2024Q4,2024-11-21,1,43,0.7065948855989233,-1.0056127481758486,16.27906976744186,-0.2903376297385001
HPQ,HP Inc.,2024Q4,2024-11-26,1,42,0.6776180698151951,-1.0064395432818012,11.904761904761903,0.024711582873324867
MKTX,MarketAxess,2024Q4,2024-11-06,1,42,0.7630857279122452,-1.0130463140606272,19.047619047619047,-0.08803948847552168
CSCO,Cisco,2024Q4,2024-11-13,1,34,0.6533385600418137,-1.0130531023509917,17.647058823529413,-0.09934961200119707
PEP,PepsiCo,2024Q4,2024-10-08,1,41,0.6343359934520155,-1.0161956209508705,19.51219512195122,-0.1260497632245423
PKG,Packaging Corporation of America,2025Q1,2025-01-29,0,42,0.777748484049565,-1.016977620851941,14.285714285714285,-0.5533663246026812
NFLX,Netflix,2025Q1,2025-01-21,0,12,0.44463264874020747,-1.0236758478778925,8.333333333333332,-0.11889194142372694
MTCH,Match Group,2024Q4,2024-11-07,1,34,0.6165004533091568,-1.029150614455094,17.647058823529413,-0.013675996096676801
JKHY,Jack Henry & Associates,2024Q4,2024-11-06,1,44,0.6865322816243062,-1.029882621296586,9.090909090909092,-0.24976856258137292
ADBE,Adobe Inc.,2024Q4,2024-12-11,1,43,0.5166051660516605,-1.030114645129901,13.953488372093023,-0.1296598025854807
ALL,Allstate,2024Q4,2024-10-31,1,42,0.6659603450885424,-1.0348435420979767,16.666666666666664,-0.05857438995904962
KR,Kroger,2024Q4,2024-12-05,1,39,0.6300017027073046,-1.0397618492962193,15.384615384615385,-0.012113500314413939
CAH,Cardinal Health,2024Q4,2024-11-01,1,43,0.724309642372114,-1.0486976668364085,16.27906976744186,0.14326077467247167
J,Jacobs Solutions,2024Q4,2024-11-19,1,43,0.7264957264957265,-1.0495636274931406,13.953488372093023,-0.10697935430032723
NDAQ,"Nasdaq, Inc.",2025Q1,2025-01-29,0,43,0.594906116378509,-1.0616899984070558,13.953488372093023,-0.25269517197544933
MDT,Medtronic,2024Q3,2024-08-20,2,44,0.6577916992952232,-1.0749193343505594,15.909090909090908,0.15310532582730685
WAB,Wabtec,2024Q4,2024-10-23,1,42,0.6770619614279852,-1.0761389891500628,14.285714285714285,0.027927474077785508
EXC,Exelon,2024Q4,2024-10-30,1,40,0.6538032211768458,-1.1401970973318638,10.0,0.2262700873589748
HCA,HCA Healthcare,2025Q1,2025-01-24,0,41,0.8242566970856637,-1.1412389361847444,9.75609756097561,-0.21185005330680085
PGR,Progressive Corporation,2024Q4,2024-11-05,1,38,0.8633481721300419,-1.1477840169696265,13.157894736842104,0.13484550528992212
LH,LabCorp,2024Q4,2024-10-24,1,42,0.5615724027276374,-1.1560005312291153,14.285714285714285,-0.3144073114263506
PSA,Public Storage,2024Q4,2024-10-31,1,41,0.7681879801174876,-1.1572090254839544,9.75609756097561,-0.28809453604205837
BXP,"BXP, Inc.",2025Q1,2025-01-29,0,43,0.784873349982162,-1.1601402696980165,11.627906976744185,-0.06856502192002079
NOW,ServiceNow,2025Q1,2025-01-29,0,42,0.5042016806722689,-1.1630329179886048,11.904761904761903,-0.1817976956919345
SPGI,S&P Global,2024Q4,2024-10-24,1,39,0.64030131826742,-1.1743486984778468,12.82051282051282,-0.2222137757467253
AXP,American Express,2025Q1,2025-01-24,0,42,0.6519558676028084,-1.1747999544990988,7.142857142857142,-0.003977346469940524
LW,Lamb Weston,2024Q4,2024-10-02,1,28,0.7480748074807481,-1.1882643995727218,10.714285714285714,-0.7393393801622726
HSIC,Henry Schein,2024Q4,2024-11-05,1,42,0.8913832948167713,-1.2043542293381138,2.380952380952381,-0.04465414668088874
HII,Huntington Ingalls Industries,2024Q4,2024-10-31,1,42,0.7598600892534073,-1.2180491625401009,9.523809523809524,-0.06932730709816814
ENPH,Enphase Energy,2024Q4,2024-10-22,1,41,0.6372490080557893,-1.2255944246980495,9.75609756097561,0.03985195236984951
ULTA,Ulta Beauty,2024Q4,2024-12-05,1,42,0.5108246168815374,-1.229423618164649,11.904761904761903,0.03708620287535819
STLD,Steel Dynamics,2025Q1,2025-01-23,0,43,0.8504252126063032,-1.2387090870417234,9.30232558139535,-0.13986989533586347
DVN,Devon Energy,2024Q4,2024-11-06,1,42,0.7896924355777223,-1.2860511597293764,9.523809523809524,0.05906105978505616
INTU,Intuit,2024Q4,2024-11-21,1,44,0.5195169896096602,-1.290606641302489,2.272727272727273,-0.07690448156330199
MSCI,MSCI,2025Q1,2025-01-29,0,43,0.6445672191528545,-1.324265990835151,11.627906976744185,-0.3494685661354159
MSI,Motorola Solutions,2024Q4,2024-11-07,1,39,0.6255212677231026,-1.3342543072630824,7.6923076923076925,-0.19286085377516626
BR,Broadridge Financial Solutions,2024Q4,2024-11-05,1,36,0.46880634691669676,-1.3401859523509576,13.88888888888889,-0.37526295561551115
BSX,Boston Scientific,2024Q4,2024-10-23,1,38,0.6529702181876095,-1.3434206414078762,0.0,-0.18708354525325066
UDR,"UDR, Inc.",2024Q4,2024-10-31,1,42,0.8248880509073769,-1.3625346192974896,7.142857142857142,-0.42862947275596397
C,Citigroup,2025Q1,2025-01-15,0,43,0.6155567991046447,-1.3661658531082057,6.976744186046512,-0.2582948701761082
MCD,McDonald's,2024Q4,2024-10-29,1,41,0.6112272800386038,-1.3943491030996253,7.317073170731707,-0.18938857831397515
MPWR,Monolithic Power Systems,2024Q4,2024-10-30,1,42,0.6683995544002971,-1.4076224665939334,4.761904761904762,-0.33387834992772125
REG,Regency Centers,2024Q4,2024-10-29,1,42,0.6915887850467289,-1.45278979512151,7.142857142857142,-0.0858434672855678
LYB,LyondellBasell,2025Q1,2025-01-31,0,43,0.6606606606606606,-1.4813230137128242,6.976744186046512,-0.0641520960438573
AMCR,Amcor,2024Q4,2024-10-31,1,38,0.5404492484377639,-1.4872324689303087,5.263157894736842,-0.2354780793442195
HD,Home Depot (The),2024Q4,2024-11-12,1,42,0.609981515711645,-1.496858818032624,7.142857142857142,-0.13213351211766855
BLK,BlackRock,2025Q1,2025-01-15,0,43,0.8165116806532093,-1.4978487083720822,2.3255813953488373,-0.4343112291558755
VLO,Valero Energy,2025Q1,2025-01-30,0,43,0.7559681697612732,-1.4980847248761013,6.976744186046512,-0.049066959044347436
STE,Steris,2024Q3,2024-08-07,2,44,0.7352941176470588,-1.5304743345197402,6.8181818181818175,-0.711811670776095
WMT,Walmart,2024Q2,2024-05-16,3,20,0.47370914258645197,-1.5866356633278793,5.0,-0.019596001881483194
SCHW,Charles Schwab Corporation,2025Q1,2025-01-21,0,15,0.8040431886055595,-1.5878840840979185,0.0,-0.12136342945389078
PCG,PG&E Corporation,2024Q4,2024-11-07,1,36,0.6931608133086876,-1.596723650772705,2.7777777777777777,-0.07007130880845192
DELL,Dell Technologies,2024Q2,2024-05-30,3,38,0.5120819331092975,-1.6055553676113608,7.894736842105263,-0.40749412674107655
COR,Cencora,2024Q4,2024-11-06,1,42,0.6034699522252954,-1.609348509399676,9.523809523809524,0.01629741383324479
WBA,Walgreens Boots Alliance,2025Q1,2025-01-10,0,36,0.5965570138060338,-1.6351047959892437,8.333333333333332,-0.3149013195272996
WYNN,Wynn Resorts,2024Q4,2024-11-04,1,42,0.6372956497644777,-1.6368097387002063,7.142857142857142,-0.42045768215851775
SBAC,SBA Communications,2024Q4,2024-10-28,1,38,0.8996041741633681,-1.6537534749137521,2.631578947368421,-0.5347950888975609
EXR,Extra Space Storage,2024Q4,2024-10-30,1,42,0.8524151763329433,-1.65402453353865,4.761904761904762,0.03091936938445794
NKE,"Nike, Inc.",2024Q4,2024-10-01,1,36,0.35696073431922487,-1.66558103347094,2.7777777777777777,-0.10333846015718479
ON,ON Semiconductor,2024Q4,2024-10-28,1,41,0.5559619604974396,-1.6676246263691752,4.878048780487805,-0.011348680410257383
OMC,Omnicom Group,2024Q4,2024-10-15,1,42,0.7233273056057866,-1.6760946752073818,2.380952380952381,-0.016394008689757822
TRGP,Targa Resources,2024Q4,2024-11-05,1,42,0.6423982869379015,-1.709425356751387,2.380952380952381,-0.3034145209438719
MCO,Moody's Corporation,2024Q4,2024-10-22,1,41,0.8687140584852563,-1.7099532813188072,4.878048780487805,-0.4834494030532054
CBOE,Cboe Global Markets,2024Q4,2024-11-01,1,42,0.6783493499152063,-1.7311704201333458,0.0,-0.470381000749848
CME,CME Group,2024Q4,2024-10-23,1,41,0.6054490413723511,-1.7572045212306135,4.878048780487805,-0.304641967728559
MTD,Mettler Toledo,2024Q4,2024-11-08,1,42,0.8483424693291568,-1.8329059118371949,9.523809523809524,-0.5190772690775018
ECL,Ecolab,2024Q4,2024-10-29,1,42,0.39603960396039606,-1.846370646089206,2.380952380952381,-0.0830360618138748
JBL,Jabil,2024Q4,2024-12-18,1,44,0.5823783580687583,-1.8585076761869743,0.0,-0.11016240084049
GILD,Gilead Sciences,2024Q4,2024-11-06,1,42,0.7142857142857143,-1.8966537670647907,0.0,-0.34805142742605166
PYPL,PayPal,2024Q4,2024-10-29,1,34,0.4039044092898014,-1.9276473544554518,0.0,-0.18125755518250786
ACGL,Arch Capital Group,2024Q4,2024-10-31,1,42,0.9139482564679415,-1.9550287615516766,0.0,-0.747289528548345
APD,Air Products,2024Q4,2024-11-07,1,42,0.4971590909090909,-2.0014355663538606,2.380952380952381,-0.606840909090909
ADI,Analog Devices,2024Q4,2024-11-26,1,43,0.45045045045045046,-2.0588330517386355,0.0,-0.41576706639266786
IP,International Paper,2025Q1,2025-01-30,0,43,0.5599253432875617,-2.062533189872009,4.651162790697675,0.06487583833706667
ES,Eversource Energy,2024Q4,2024-11-05,1,42,0.6593735950846695,-2.0869473558007945,0.0,-0.23010828172209064
AES,AES Corporation,2024Q4,2024-11-01,1,41,0.5044560282495376,-2.1557445132309843,0.0,-0.3983748822324823
GPC,Genuine Parts Company,2024Q4,2024-10-22,1,40,0.37267080745341613,-2.2065704110934408,2.5,-0.15407149400525483
DIS,Walt Disney Company (The),2024Q4,2024-11-14,1,43,0.6447831184056272,-2.2341596526181164,0.0,-0.4004146217073672
EA,Electronic Arts,2024Q3,2024-07-30,2,43,0.5254648342764754,-2.2677430568394206,0.0,-0.21972747341583232
PSX,Phillips 66,2025Q1,2025-01-31,0,42,0.6041502495403205,-2.3122141629682686,0.0,-0.17982187589521959
SYY,Sysco,2024Q4,2024-10-29,1,43,0.3570153516601214,-2.5364407625347454,2.3255813953488373,-0.19334238086602068
BKR,Baker Hughes,2025Q1,2025-01-31,0,36,0.36681715575620766,-2.5452859566791495,0.0,-0.32244189076877805
VTRS,Viatris,2024Q4,2024-11-07,1,41,0.39076376554174064,-2.7570636616016477,0.0,-0.4331291283820492
