ticker,n_quarters,pearson_r,pearson_p,spearman_rho,spearman_p,mean_growth,median_growth
WMT,18,0.5988466184390021,0.008640096736341047,0.7543859649122806,0.00029766146155802033,1.9269277878562374,2.630994165109982
MRNA,22,0.5533786899555359,0.007549578915266658,0.1902879728966686,0.3963148931359526,-6.149152637176607,1.1440722918692525
DAY,21,0.5258491968425502,0.01434979978500753,0.37142857142857144,0.09735837325949603,29.233060810447643,11.797752808988763
VICI,26,0.459402254528059,0.018225539161045107,0.10017094017094016,0.6263427740468221,7.791878704464226,2.725369707610243
ABNB,15,0.40645554119111615,0.1327298149932197,0.3571428571428571,0.19127476343157904,81.72183534177508,27.205276174773292
BR,34,0.3677648209051993,0.03236784173861058,0.3439529385849956,0.04639357905000768,3.3471487273397846,2.8483017585066515
JBHT,24,0.35270774207633016,0.09093402345638271,0.3356521739130434,0.10882666589446971,0.9627826422254744,-1.964313753462605
CNP,42,0.3501990803512194,0.02299085687801955,0.2857953164249251,0.06654315697964328,0.7797767146703959,1.899573368704468
DGX,43,0.3244252845522499,0.03379627667644076,0.12762422740338866,0.41474593499963763,2.1826352085424188,1.0649960845732265
HUBB,41,0.3188107242562454,0.042193192948598926,0.34250871080139383,0.028373530297163406,2.7217783544417724,2.258310073585395
VRTX,41,0.31455196599722063,0.04517812281730464,0.32682926829268305,0.03700851176238185,13.058225693767316,7.968574635241292
A,42,0.31412857178251163,0.04276959988755478,0.07543959160521838,0.6349098626279686,1.54337877659315,2.7719639901843296
GIS,39,0.3044783981159869,0.059480530192724236,0.2993927125506073,0.06408294332317632,1.1778404945312038,1.2070815450643757
PPL,42,0.2983425720633018,0.05497298024209531,0.036382789077060204,0.8190653078977137,-0.5869769761395186,0.8923207758839122
LH,42,0.2975228436791077,0.055675914443052074,0.07624989871161171,0.6312681845490657,2.233306100859022,1.9255596070907433
TFX,42,0.2868317763536405,0.06551976516903105,0.30443237987197147,0.04997091650201084,2.4219476379064755,2.908191794226601
PNR,42,0.28036958890015706,0.07210876644008318,0.20832995705372337,0.1855135907887877,0.6818085057462978,2.293551224239783
VRSK,42,0.27601481663829064,0.07683578080348459,0.32242119763390326,0.03730197019164047,2.528328995981188,2.645387762850566
PH,43,0.2753126117127321,0.07396066384113237,0.24630021141649047,0.11135254382872657,3.446716504362467,4.033742331288356
NKE,34,0.2742938359929493,0.11645000897906722,0.19938884644766997,0.25824997382756454,1.4633951501924134,2.136939826571864
FIS,38,0.2725627586307754,0.09780758959111772,0.19312835102308787,0.24534489904389098,1.1450460879811382,2.67142108124904
MRK,41,0.2688365467597709,0.08920477585425125,0.2813588850174216,0.07474004758192695,4.579397691881861,1.8867924528301845
ESS,42,0.26707293644908486,0.08730118005718011,0.2929260189611863,0.05975229043894983,2.578115208122741,3.945353040749348
EFX,41,0.26664409979357007,0.09194628103345798,0.34564459930313596,0.026864479674547356,1.641797153365622,1.9446415897799922
DVN,42,0.2612416498669982,0.09470062437403126,0.32663479458714856,0.03475129832847975,27.04644423411425,-1.6279770877298785
EW,42,0.25143185823472997,0.10822725168870717,0.558868811279475,0.0001196693154583298,5.708566341352809,4.762731481481469
HWM,18,0.2506890244359663,0.31568286560883213,0.07533539731682146,0.766392281347839,1.906831899960385,7.241041668063874
ALB,42,0.2502840421252726,0.10990142679688424,-0.08986305809901955,0.5714271855593632,3.087193728642106,1.5698969800688403
ETR,42,0.2499033405661005,0.11046103316258732,0.25192447937768414,0.10751471034841814,0.7902320083531351,1.361596644208464
EQIX,42,0.24758744774462058,0.11391199178489847,0.2465764524754882,0.11544384610844044,5.1573888589931824,5.6717623930468815
LYB,43,0.23407558487631472,0.1308437321435652,0.3267894895801872,0.032446460145922014,1.0390541835635385,-1.0478359908883685
ORLY,42,0.23112749455534398,0.14083265842461992,0.056802528158171946,0.7208659276485314,4.608145073268533,4.255865998659737
HII,42,0.23062053025855697,0.14173059206443558,0.2725062798800746,0.08081813698715634,2.8721698951141628,1.9540664268332235
REG,42,0.23024501076741127,0.1423984333068064,0.15614617940199335,0.323408342884187,3.522641448953027,0.8841919521270427
SPG,42,0.2269094961333458,0.14843277784225026,0.09974880479701807,0.529671291094316,1.656653660796226,1.324228659076161
AXP,42,0.22151862434554725,0.15857936838232067,0.1926099991896929,0.22168226783250888,2.9135256121499893,2.6348394301581552
TEL,43,0.22026993608647405,0.1557984729821952,0.24176985804892784,0.11830047228208383,2.0091215024568907,2.6912928759894426
WYNN,42,0.21966827611002923,0.16217585286378813,0.23312535450935903,0.1373349872357618,3.2601668201767486,5.1859484442750325
TXT,40,0.21645450394685573,0.17974655076372698,0.2795497185741088,0.08064047602343713,3.243813901675955,3.984391441769527
INTC,43,0.21510840887803453,0.1659688427342872,0.12564180006040473,0.42209066007418855,-4.984016476865627,1.2499999999999811
AEP,41,0.2150523174395977,0.17692531260680894,0.25557491289198614,0.10679196002036877,1.3859629481093565,1.354166666666675
HOLX,42,0.21486296309563857,0.1717916721170973,0.035734543391945546,0.822236769274584,3.109630770005783,1.8497267507386261
WRB,42,0.2140392019237094,0.17348043872054061,0.17348675147881049,0.2718772269499915,4.084088627426684,4.353518135583752
CMG,40,0.21391801085281892,0.18502591478840305,0.0900562851782364,0.5805167958190032,7.981624866639978,7.60852090032154
TSLA,43,0.2134187201322454,0.16940042699080984,0.34853518574448805,0.021992579708186643,-23.658550877201268,-0.7205764611689447
AMAT,43,0.21300868030260325,0.17024084452624472,0.12790697674418605,0.41370433554588437,6.04075957707191,4.859273514553763
TPR,43,0.20940642967176845,0.17775362375359657,0.017668378133494412,0.9104634823149019,3.0934101325800856,1.9417475728155356
TSN,43,0.20723661987087602,0.18239203709130006,0.003926306251887648,0.980064608427925,2.33276559250297,4.332810047095758
KDP,24,0.20481023475806084,0.3370414976506055,0.08956521739130434,0.6772689468428974,0.6373853265239563,2.5069947151041503
LNT,38,0.19696479608077175,0.23591184804261786,0.21851406061932377,0.18750104958129019,1.4090614185235502,1.437589875723756
JCI,43,0.19662504476116305,0.2063225262967441,0.025974025974025976,0.8686827253863876,1.9409698504077033,1.8861209964412788
BMY,42,0.1965581754564608,0.21217274192837166,0.08856656672879022,0.5770129839512753,1.4769485980068862,2.2484265855176684
EXR,42,0.19637253752192982,0.21261341111135962,0.19244793776841423,0.22207878092071862,3.270587727709617,1.2526175518751184
GLW,43,0.19452230397814227,0.21131358230737382,0.2077922077922078,0.1811962079736664,1.1313994174813813,1.7915309446254029
CTSH,42,0.19330901558705874,0.21997758715887356,0.15177052102746943,0.3373191837239849,1.9445053183311896,2.4516037869153617
PCAR,43,0.19215432995120701,0.21703410369911835,0.14572636665659922,0.35111756354740503,3.3419329847523547,3.2712511938873083
UHS,41,0.19159895995551543,0.2301206094010666,0.17038327526132407,0.2868496404277077,2.945425858047496,2.71622587562544
SMCI,34,0.1907628434517126,0.27983702062262844,0.23730893785507567,0.17657497177784917,9.28989746831871,5.416666666666671
LHX,40,0.18743559969983428,0.24680034356281247,0.22082551594746722,0.17090262558602926,2.099385202479256,1.6727597866773296
CMCSA,43,0.18450376843602825,0.23624593848886513,0.22591362126245848,0.1452076433661937,2.866744994638035,3.32326283987915
ROST,40,0.18429592215804985,0.25494793740520744,-0.05534709193245779,0.734454568730975,3.8477717352593963,3.224768444490704
SO,41,0.18323542213265517,0.25149062607093076,0.18737749919773067,0.2407465046770022,0.8706192168490706,0.7360000000000042
WEC,42,0.17859456234501042,0.2577931670664337,0.16239212362910013,0.3041846707762293,1.5398544117932682,1.5188634089029995
CE,41,0.17756465561591733,0.26671398939284785,0.15801393728222998,0.3237848073350895,1.862978932341454,2.575757575757575
HPE,35,0.17097358865085513,0.32609280028440596,0.23025210084033615,0.18329434101386846,0.43499105032577057,1.8218623481781393
CMI,30,0.16881339229090225,0.3725192402704951,0.16129032258064516,0.39450240707300044,2.5437854010586514,2.801606568108661
OTIS,18,0.16740848294992267,0.5067065025773857,0.038183694530443756,0.8804304907652737,3.596885909593109,3.045784070452003
PARA,40,0.16587779502096653,0.30633395815115166,0.19343339587242028,0.23172704032745622,-2.3072881885823144,0.6544972706190642
DHI,43,0.16539930183821736,0.28916378798825254,0.05119299305345817,0.7444116252585928,5.672645284301791,4.708097928436912
CCL,38,0.164949246851406,0.32234568453848805,0.12725681146733778,0.44644092236986477,75.6324027608638,5.186046511627907
LMT,43,0.16244863800291626,0.29797278552354833,0.16505587435819996,0.29018028630558823,2.428538521782623,2.45119305856832
DFS,40,0.1615400267415368,0.31933186618780246,-0.11369606003752347,0.4848362053463604,3.8382866030009075,1.1749736940701192
FTNT,42,0.16007839564075674,0.3112188813676335,0.13257698584860936,0.402608636072824,7.526884376510336,7.851153039832288
WTW,42,0.15735909741018014,0.3196169250198756,0.2948707560165303,0.057999605504856826,4.75812501704411,2.67233245872459
FFIV,43,0.15702171023783765,0.31462033250335875,0.1413470250679553,0.36593550082839627,2.4423177927288098,2.840323767476093
JBL,43,0.1564143861577007,0.3165192705131466,0.15690123829658714,0.31499644109143504,5.425118912501941,3.6217303822937654
PSX,42,0.1529601877555654,0.3335009709674451,-0.03703103476217487,0.8158966913655269,32.48339506486169,1.5291461723555126
DD,27,0.1483925794681022,0.4600958225489829,0.15079365079365079,0.45278548108050787,-3.0204577710143763,0.2890173410404691
CDNS,42,0.1463770618362635,0.3549664014713045,0.2948707560165303,0.057999605504856826,4.548124900844005,4.514295088113984
UNP,43,0.14630898135170997,0.34917422097797546,0.1502567200241619,0.3361801900086385,1.9715592166782443,3.0873786407766954
PNW,42,0.144370864492539,0.36167102070737406,0.022769629689652376,0.8861881224942195,0.6176720556598982,0.6497853638593594
EVRG,25,0.14360316683198662,0.49345827736031794,0.26692307692307693,0.19710580890279145,1.8004269531019994,1.843137254901967
GILD,42,0.14355920805034317,0.36440508649984643,0.15339113524025608,0.33212449853346404,2.422457879271792,-1.4152990473846674
CINF,42,0.1420259471013354,0.3696036697529605,0.17770034843205576,0.2602229923396823,2.526398450159678,2.0429139825691505
MMM,42,0.14172596495687445,0.3706259321123379,0.13005429057612838,0.4116991666923273,0.4930966598524292,1.375415626647654
TECH,43,0.1374059880289003,0.3795863783519739,0.17049229839927516,0.27436051103719156,1.9914424776934114,1.5267175572519098
AJG,43,0.13720042423986425,0.3803065772397552,0.20945333736031413,0.17765429170547864,3.6329142250337334,3.06748466257669
FMC,40,0.1341241810727278,0.4093064455610362,0.2442776735459663,0.12874345753980182,0.5377193662461833,1.4056419334690897
CMS,42,0.1324608551654258,0.4030245534350947,0.038975771817518844,0.8064083922378119,1.598446846094204,1.7683479783607923
SBUX,43,0.12829462064967773,0.4122787487251124,0.24010872848082151,0.12092842582525234,3.5303815302782917,4.0372670807453455
PEG,42,0.1261697282919172,0.42592374248159515,0.09164573373308484,0.5637873811358913,0.7918337190697065,0.9593811080268755
RJF,35,0.12464212138972251,0.4755970221468682,0.18067226890756302,0.29897627701097196,3.9712292938062457,3.3098209441128565
CCI,42,0.12316016613654557,0.4371312412394672,0.17640385706182646,0.26377291054957325,7.194294674181776,5.864872068230268
NFLX,12,0.12037369796575695,0.7094168684662814,-0.055944055944055944,0.8628980736949713,9.698097398215044,10.800812400318987
MSCI,43,0.1196047278144127,0.4449041695422009,-0.0012080942313500453,0.9938654769066337,4.6249000665893005,4.897435897435905
EPAM,42,0.11932831499111674,0.4516343021012354,0.14707073981038815,0.35266583759402875,4.450060134588055,5.439931765389078
PG,43,0.11745273181308696,0.45319699385693357,0.1644518272425249,0.2919737944785921,1.148413730242884,1.5566156163695664
ES,42,0.1169549689360859,0.46074669898385956,0.060854063690138564,0.7018437885871387,1.4708524623783827,1.27600613489359
ETN,43,0.11670106539904719,0.4561132462200653,0.05406221685291453,0.7306092067245654,2.3117159944267116,2.8329243809948843
MSFT,43,0.11630394819745482,0.4576580407714871,-0.03171247357293869,0.8400140495227025,3.6771113308139394,4.008264462809916
ROP,43,0.11584042132624287,0.45946474105248286,0.1638477801268499,0.2937744582987407,2.7647811207060404,2.821407795229784
GEN,39,0.11524084951601005,0.484804126168809,0.015182186234817815,0.9269100769966163,0.6170912442689415,1.8469656992084391
COST,35,0.1145070371306496,0.5124742069979693,0.08627450980392158,0.6221604009337274,3.4396260567141677,3.1793529081728056
AVGO,40,0.11256576918428994,0.4892161480223435,0.039399624765478425,0.8092628709833335,6.700848174138552,5.8160615755552385
MKC,20,0.11063268701583287,0.6424065298216379,0.03308270676691729,0.8898759648856192,2.3534349348161054,2.519851084832397
INCY,42,0.1100706072545594,0.4877295710562263,0.16279069767441862,0.30298326168606704,27.93381103791477,9.456844134658162
AON,43,0.10944768847542875,0.4847699888142821,0.1686801570522501,0.27956944434868775,2.685667306598687,2.3415492957746484
ABT,43,0.10898599595128836,0.4866252783482527,0.09075807913017214,0.5627240568323357,2.022187249335325,2.0904229460379264
CHRW,43,0.10684985157303253,0.4952571449205168,0.07686499546964663,0.6241969949136722,1.6326474853922208,2.285714285714288
BRO,41,0.10605310429752625,0.5092950868153598,0.09634146341463416,0.5490358810363667,3.892699414801212,3.4345047923322625
JKHY,43,0.10401654106812679,0.5068264668914464,0.12428269405013591,0.42716815278810966,2.096651373937105,2.2284122562674114
CME,41,0.09388803257263123,0.5593028637768003,0.013763066202090595,0.9319392332300964,2.7959124813673624,2.566788894709264
O,41,0.09190091154884435,0.5676835192478762,0.07770034843205577,0.6291880557436494,0.6184807848065367,0.6201550387596905
PWR,42,0.09097832287441569,0.5666420764148922,0.19471679766631556,0.21657196021463257,4.295909651493462,6.247212310437109
CPT,42,0.08991859010865765,0.571188485413729,0.03200713070253627,0.8405254495614819,4.293672951567025,-3.174230712603065
NWSA,43,0.08791316120267317,0.5750804260571936,0.13666565992147386,0.3821839233956706,1.6777376948828382,1.2658227848101276
LUV,43,0.08765539793136211,0.5762060454331311,0.1549380851706433,0.32116538834230424,-26.772745254841503,4.653909756673755
GNRC,41,0.08734470938287621,0.5871141286473449,0.0667247386759582,0.6785105150714894,1.4325835606586257,2.8272251308900476
FICO,43,0.08412405203210792,0.5917267730160847,0.015554213228631831,0.9211413050125887,5.574904623023522,5.498509440211988
C,43,0.08411364983822,0.5917727638601389,0.0006040471156750226,0.9969327166296977,1.7246778265182166,1.1605750909405885
CTAS,21,0.08296077780275046,0.720708543540861,-0.04675324675324675,0.8405105142403159,6.0892678115959775,3.81861575178998
KKR,42,0.08118710817676023,0.6092676347061836,0.19098938497690626,0.22566939120432086,2.5243896193165236,-0.28505743939077605
TMO,42,0.08066766406770957,0.6115668267472899,-0.03767928044728953,0.812730967883022,3.248082823772492,2.8430414924059013
OXY,42,0.0793457353274164,0.6174346130119591,0.08856656672879022,0.5770129839512753,104.50957469098833,-6.520943030207052
TAP,42,0.07794765247521238,0.6236660864536254,0.29243983469735035,0.06019699772626623,1.4976843522027508,0.23378736896157384
NUE,43,0.0773536605793204,0.621988018078029,0.11522198731501056,0.46188120320508086,6.326737854072781,0.6896551724137907
SBAC,38,0.07623148946402691,0.6491901221237983,0.06335485282853703,0.7055202344939726,-36.01543088752629,15.247943386956845
CLX,42,0.07502371848674369,0.6367821896059896,0.16311482051697593,0.3020085089876901,1.1100541491389866,1.507026936590259
OKE,39,0.07169319735795292,0.6644948044659611,0.06619433198380567,0.6888814593931062,2.2329761205944476,2.6960110041265564
FOXA,14,0.07158334963733459,0.8078664206337989,-0.09010989010989012,0.7593388378159543,1.7982572644845942,0.25780121285739116
NDAQ,43,0.06920076399913488,0.6592582803128698,0.126698882512836,0.41816516391385505,2.6996848091848196,2.2304832713754665
DUK,36,0.06806013819591686,0.6932806110195898,0.009266409266409266,0.9572240897112231,0.7829789509912141,0.9767776162251923
CF,42,0.06673167054886155,0.6745673564144418,0.0007292763957539907,0.9963428169906466,10.59914979638219,-4.019643471274839
WFC,43,0.06632457007221339,0.6726095100399886,0.03805496828752643,0.8085651524339448,5.881154658159942,0.5359317904993751
PANW,39,0.06211107929905952,0.7071944998155091,0.019635627530364373,0.9055557237283193,10.585420678649092,8.390410958904118
NOW,41,0.05931685766450612,0.7125809495672857,-0.12247386759581884,0.44555771859128784,18.026658216364776,9.318564892848554
IT,42,0.058125687926285176,0.7146346895301096,0.04853739567296005,0.7601793332783856,4.522045966135183,2.299740798341112
APA,42,0.05659236066284058,0.7218573374659427,0.11887205250790049,0.45337845651535996,29.765015557444,-5.918486980130819
CTVA,19,0.056223443773184105,0.8191683445192147,0.1,0.6837719442525738,4.249497552829468,3.9719626168224282
MDT,43,0.055961079889031824,0.7215203797990525,0.03775294472968891,0.8100563974267603,0.889539958881834,1.1536444677503943
TFC,41,0.05451731505100097,0.7349580898878652,0.09181184668989549,0.568060497313544,0.7641711769790498,0.41095890410959246
MO,43,0.053737698396363,0.7321661909250334,-0.030806402899426155,0.8445280991749554,1.7641173597506195,1.4167650531286802
TSCO,43,0.05290896040128932,0.7361471416349122,0.10646330413772273,0.4968274985683923,3.5108079345816376,2.9168959823885614
BBY,41,0.050018270083806354,0.7561327893640872,-0.07787456445993032,0.6284171281418497,2.571571014552454,2.9319781078968017
TJX,43,0.04903785140797567,0.7548314516382485,0.09015403201449713,0.5653372765633915,4.353108489054851,2.4930747922437697
KMI,42,0.048700196913840324,0.7593988104893861,0.02179726116198039,0.8910185758285164,0.36749927218772727,0.4112462292609355
TXN,41,0.046234793232586946,0.7740776591191842,0.045818815331010454,0.7760579095582293,2.31552961721611,3.8390804597701313
TRV,43,0.04510325229822751,0.7739647603707454,0.073542736333434,0.6393005602854119,2.0476879893166613,1.2664165103189473
NEM,42,0.04447608140300546,0.7797247801867752,0.10955795965396375,0.48977113282257845,1.880010339303286,2.8883542964983002
BLK,43,0.042525286453180135,0.7865738555551735,0.007852612503775296,0.9601411984735971,2.2500069184414517,2.8816199376947025
LLY,41,0.03646996193059595,0.8209096414805277,-0.20000000000000004,0.20993874257441783,3.6734382485169825,3.340292275574101
PFE,42,0.0348476206977839,0.826580449130013,-0.027469410906733657,0.8629012873756073,1.4411333605885577,1.6679096129465254
AAPL,43,0.03118106091528607,0.8426609459125343,0.040471156750226514,0.7966597071034044,3.7936747721559714,2.645985401459846
AMZN,41,0.030886903603403792,0.8479755552731174,0.01236933797909408,0.938817733031394,72.67381033998187,15.555555555555555
HSIC,42,0.030857754535528716,0.8461821179076864,0.06717445912000648,0.6725285330534112,1.6250027425301665,2.3865907264181003
ADP,43,0.028445282283840904,0.856313986354542,-0.06357595892479613,0.6854621290519449,2.686722845909769,2.890173410404627
WELL,42,0.027165327066898108,0.8644047385202291,-0.019690462685357752,0.9014976882298207,4.782495104886057,0.25135192537044787
PYPL,34,0.026792123227775695,0.880443556128053,0.0912146676852559,0.607919242605085,3.7795851969626684,4.584794096303042
EA,42,0.024587795221136306,0.8771670249813945,-0.031683007859978934,0.8421198349670527,4.3294837186140525,4.032051282051286
DXCM,41,0.024358699555187394,0.8798411392260643,0.0799651567944251,0.6191965534600609,16.59410931313869,6.185567010309284
F,42,0.024022206313669334,0.8799716883139538,0.10914836723118063,0.4914054622783217,32.7986705079109,-0.5800266129857726
PNC,43,0.023183752167286072,0.8826852990061334,-0.15886439142253098,0.30890300391305103,1.9050384103832645,0.816326530612254
AMT,39,0.02311356586651508,0.8889235854943166,-0.03785425101214575,0.8190319575662272,3.902881879489954,4.710144927536245
DE,43,0.022487278217312275,0.8861861319556988,0.021292660827544548,0.8921958349800813,2.9850439077090485,3.4094020994979455
KR,37,0.021922924939578068,0.897523580851475,0.053816974869606446,0.7517372054167976,2.658868013538542,1.90936277892798
IPG,42,0.02103396330984974,0.8948131614864844,-0.07949112713718501,0.6167880871167382,3.124171722909429,2.576442603065578
TTWO,42,0.016663320291560518,0.9165830541342256,0.03946195608135483,0.804040537614637,-0.47463455976648317,-0.06494706795064983
JNJ,43,0.015420433071854986,0.9218174569096634,-0.004983388704318937,0.9746989364256918,1.3705560756570834,1.66005582488614
TT,43,0.013628306506694809,0.9308802864514885,0.031410450015101184,0.8415181773100093,3.4073389499113342,3.966898725863649
TMUS,40,0.01298175864436662,0.9366320678820584,-0.0028142589118198874,0.9862495028206265,8.821991969089186,5.531520505179513
GE,36,0.009442333954002208,0.9564127451295154,-0.04298584298584299,0.8034166758806162,2.6139983391683685,0.6415598409309444
BALL,42,0.007939439576498623,0.9602009695334215,-0.05226480836236934,0.7423692142773037,1.5993051116702024,1.6847925523633553
WY,43,0.00789649097811677,0.9599186572448578,0.09664753850800363,0.5375439717603462,2.0141864815108756,-1.258470474346554
HIG,43,0.006632491354868849,0.9663305020640001,0.056176381757777095,0.7204922055027566,2.669365003506164,3.2159264931087286
BAC,42,0.0057922784300400475,0.9709588938479149,0.09602139210760878,0.5452385944687732,4.1815968112405395,1.9639295292085364
MLM,42,0.004880867019574291,0.9755269863477074,0.0026740134510979665,0.9865908910400251,4.770303254692119,5.13447853542827
BXP,43,0.002867974888268344,0.9854374898632029,0.08758683177287828,0.5765056335815293,0.1056352659354714,-1.0489510489510423
ORCL,42,0.002431325516706914,0.9878077783868722,0.07219836317964509,0.6495610193491687,1.786835068531572,1.9693908259317263
GWW,32,0.0021839962581575584,0.990534916264205,0.1000733137829912,0.58578896066258,4.027634492791174,2.8866449068407363
DPZ,42,-0.00018461903640332246,0.9990741675781938,0.0052669961915566,0.9735915625703279,4.511293819538777,4.307737293299342
REGN,41,-0.003425097461430299,0.9830437329671408,-0.11324041811846691,0.48084677778565454,6.237940915552114,3.6221243269701517
DOC,40,-0.004526815537760197,0.977883602272836,-0.07091932457786117,0.6636651427985738,19.916502441898665,-2.3276513108210155
DIS,43,-0.004739254267422327,0.9759380553156227,0.05270311084264572,0.7371370298309389,1.681160199104537,3.897637795275581
KHC,34,-0.00478030065279481,0.9785943574142941,-0.10374331550802139,0.5593046117249845,0.6181690853705352,1.1086001915306178
BEN,35,-0.006155048972857286,0.9720067105001077,-0.013445378151260503,0.9388952550807832,-1.5068223718204845,-0.9383378016085828
NTAP,42,-0.007105347539282306,0.9643792977868095,-0.0451341058261081,0.7765485202376003,2.3640235286980165,3.476905186349488
ROK,43,-0.008829922723824641,0.9551852516814741,-0.10072485653881001,0.5204371185213793,1.2180235751492008,1.9107282693813608
CZR,39,-0.010416634945918879,0.949816670120715,-0.042510121457489884,0.7972140276929861,79.81051325464561,11.372549019607844
WBA,26,-0.010696869467527388,0.9586383743555632,-0.18564102564102564,0.36389896660007276,-0.4141205550393425,1.8301162089799057
CSX,43,-0.010957069982766106,0.944404488210702,0.00347327091513138,0.9823644616714318,2.716819216895917,2.5073746312684224
VZ,43,-0.011416938788578768,0.9420750135205441,-0.16263968589549985,0.297397255267029,1.0299154804705182,0.26915113871635404
NRG,42,-0.01160597233949192,0.9418476661613326,0.025038489587553687,0.8749331648047315,38.42810116420102,5.3812702651154
NEE,43,-0.011774877731582457,0.9402621957505652,0.019631531259438235,0.900562244586863,2.3439714671224934,2.2222222222222103
DG,39,-0.011952041907269362,0.9424312004639891,-0.03502024291497976,0.8323796395971691,2.48261250552269,2.5878003696857634
IEX,42,-0.012802733509766833,0.9358630903391051,0.05793695810712261,0.715522379370489,2.2732963811204123,2.118060953235191
MS,33,-0.013122936464978299,0.9422185041463568,-0.08723262032085562,0.6292994586228584,3.7241274605500894,5.455893254262421
KEYS,39,-0.013903369985278214,0.9330520291791525,-0.1076923076923077,0.5140407107422361,2.3633495551084414,3.3911671924290197
PM,42,-0.014963496396550134,0.9250669294206346,-0.007859978932015234,0.9605989787397189,0.45233959037060856,0.6167710699847639
WM,43,-0.017079177669849732,0.9134378201290922,-0.0637269707037149,0.6847536711562551,2.8861479830409262,2.6315789473684235
HCA,41,-0.018217047938542726,0.9099925209381111,-0.10296167247386762,0.521786487325768,4.641598970300921,3.301467899493276
PEP,40,-0.019863061198285487,0.9031735657563783,-0.0031894934333958733,0.9844163138331148,1.439995767065311,1.7879604437911996
GRMN,41,-0.020468203145018033,0.8989241355697031,-0.04947735191637632,0.7586908537012035,2.2392820667692583,3.3131457071606687
SWK,42,-0.0225896926478979,0.8870816977066837,0.15614617940199335,0.323408342884187,0.5574215852737685,2.400222618636776
IP,43,-0.022907238881047134,0.8840749353549922,-0.1573542736333434,0.3135835589766667,-1.678337139259625,-0.9259259259259335
HD,42,-0.02428502852042614,0.8786682134894586,-0.016773357102341787,0.9160341616061954,3.311822758430382,3.833808162628265
UBER,21,-0.02492430448134824,0.914598770878118,0.07142857142857142,0.7583283454574847,16.156555546502393,15.15544041450777
STX,43,-0.02497302751919354,0.8737017540524377,-0.11491996375717305,0.46306380477175635,9.85840084555438,1.322685300723732
MA,43,-0.02568510052688313,0.8701308899169786,-0.04228329809725158,0.7877602715396101,4.045337613258169,4.459064327485376
VMC,41,-0.025931160607041506,0.8721465492710733,-0.012543554006968645,0.9379576704128201,9.378526449862232,5.754857997010459
CB,41,-0.026196702282336563,0.8708482898248916,0.002090592334494774,0.9896498562997393,2.4126817502709477,2.1450459652706932
UDR,42,-0.026595148005196047,0.8672250866871569,-0.05226480836236934,0.7423692142773037,13.174069229980386,6.05096611358187
CPRT,43,-0.02671664664189503,0.8649624870001192,-0.028994261552401087,0.8535708225758365,4.970406430735779,4.7581903276131
SLB,42,-0.026775237884181763,0.8663341081681399,0.08694595251600357,0.5840298229451498,0.3423650372119439,3.572029944667464
TRGP,42,-0.027509816578708515,0.8627015495036182,-0.05226480836236934,0.7423692142773037,-29.191682836102853,5.382102426738219
EXPE,38,-0.027749380339371247,0.8686479414940392,0.19597330123645912,0.23832583955413503,-564.6439132237296,4.823148227212777
PPG,43,-0.02853425111002535,0.8558693086222897,-0.04500320915352943,0.7744530350176069,1.6102867783207826,1.9491525423728697
CTRA,42,-0.028977776550247206,0.8554507858591288,0.0033222591362126247,0.9833406080686674,29.995249790932252,-0.5325140809011696
PKG,42,-0.029842984173260347,0.8511826782306493,0.0712259946519731,0.6539822372158073,2.4433231564501168,2.579736208994377
GM,43,-0.0308101134079256,0.8445096032679865,0.04817457624152982,0.7590174712971882,3.583162797630737,4.079365079365088
DECK,39,-0.03345084410096586,0.8397914708360196,-0.13380566801619434,0.41673980031904445,5.427440195401666,4.774535809018572
AEE,39,-0.03367701867063233,0.8387224555490155,0.06376518218623482,0.6997557099611152,1.683323551276776,1.5534430790633011
WMB,32,-0.0344630622362937,0.851463408400211,-0.07001466275659823,0.7033717855509214,14.521042860068775,2.542137030143851
TDY,34,-0.03524041382877268,0.8431542896838143,0.0854087089381207,0.6310386897404544,3.0683041216662823,1.9856177944562607
FCX,41,-0.03819076743443315,0.8126070366838858,0.01428571428571429,0.9293610278368878,52.7552425096474,0.8150470219435814
FDS,43,-0.03929558772042685,0.8024466542877576,-0.021594684385382062,0.8906758832908506,2.961496193394676,3.1561643835616464
CARR,17,-0.03983400319853724,0.8793534253381561,-0.11764705882352941,0.6529334399539918,4.544236034467724,2.4786324786324907
ACN,41,-0.040000786037538524,0.8038958001868655,0.027700348432055752,0.8635032191274419,2.4750793133824693,2.328482328482331
STT,43,-0.04061720654056347,0.795941495519026,-0.09423135004530353,0.5478080412419994,1.4740198522603896,1.9498607242339914
IVZ,43,-0.0407665745264197,0.795207138576018,0.018574448807006948,0.9058919252361587,-0.23733894749324524,1.176470588235304
MCD,41,-0.041508670842127796,0.7966564503295948,0.13972125435540073,0.3836067039550355,2.0149375403548433,2.670967741935482
EL,34,-0.04212547104942448,0.8130068621100894,-0.007181054239877769,0.9678486720038728,2.417912609427647,3.288453825056637
APTV,30,-0.043244399301154465,0.8205009343885628,0.058954393770856504,0.7569754726974459,1.02268939964306,3.11625293103114
SNPS,41,-0.043467894945364204,0.7872753645797896,-0.09277407561393919,0.5639938528166829,4.2018691232346415,3.808180535966156
NTRS,41,-0.0444817158677102,0.7824325547765923,-0.1844947735191638,0.2481905571451057,2.1613224619241556,2.977624784853701
ADBE,43,-0.04525702931692355,0.773214397925257,-0.07580791301721534,0.6289865866442909,6.530973403709319,6.660168940870697
SPGI,36,-0.048417396671671886,0.7791580526527153,-0.08365508365508366,0.6276279305194356,3.6006928321228813,3.743044663120724
RMD,41,-0.048789734394886514,0.7619463403894462,-0.03588850174216029,0.8237195037054118,2.7888685134544877,2.200488997555009
LYV,40,-0.048790999580326996,0.7649596112960696,0.02288930581613509,0.8885079507613353,-1457.0676522436881,23.06667776575376
MTCH,34,-0.04934814996427819,0.7816629805456088,0.06585179526355996,0.7113688828448503,4.27767346074893,3.7156006726252944
LRCX,43,-0.05056923472533169,0.7474228777387986,-0.03775294472968891,0.8100563974267603,5.486598003835008,5.084745762711869
DOW,22,-0.05077511155723721,0.8224468675679275,0.0942970073404856,0.6763807942707641,0.6835274813855292,-5.3393837705918195
BWA,41,-0.05114619512192447,0.7508069849523731,-0.18797909407665508,0.23921227578378082,0.9935011372478406,2.0983401190103264
LDOS,41,-0.051160672702283715,0.7507386986445268,-0.12369337979094078,0.4410054853890921,4.708543810307842,4.239986592927771
STZ,29,-0.05116501242480853,0.7921000072746761,-0.050738916256157625,0.7937943350445306,3.708614040844406,3.6016007114273116
MOS,42,-0.056237369414134084,0.7235329355583963,-0.06312292358803986,0.6912685010802948,6.965460282743655,-2.183051173528286
APH,43,-0.0573215918606508,0.7150314677862387,-0.06508607671398368,0.678389626245167,3.165321982640971,3.554868624420405
GPN,37,-0.05802236546099525,0.7330206312310995,-0.1337126600284495,0.43012431431273784,4.198198343306458,4.247104247104259
DRI,38,-0.05829380841409528,0.7281113232403454,-0.12375533428165006,0.45914965423246046,4.140339004544565,3.4286688819086657
MAA,42,-0.05830369923090636,0.7137977543509405,0.05550603678794263,0.7269889198752318,3.1259092261887313,2.822398705147946
ACGL,42,-0.05916214448552439,0.7097663662470024,0.02050160043820476,0.8974610755076439,5.652529180931059,4.343325705942018
NI,37,-0.06026632488648906,0.7230946326307155,-0.29065908013276437,0.08094514046798278,0.6691672270471528,1.840490797546014
KEY,43,-0.0612489382067908,0.6964124855356819,-0.13263842625837027,0.39649689986246744,0.8129151542281214,0.4950495049504845
ATO,39,-0.06208233293186235,0.70732401687627,-0.06619433198380567,0.6888814593931062,2.2728807507702844,2.1630615640598987
VTRS,40,-0.06256301855529242,0.701339993616327,0.02607879924953096,0.873090854924288,-0.22652519149284883,-1.1125377229080913
IRM,42,-0.06460049217185927,0.6844123413732418,0.007211733246900576,0.9638463110318856,1.7709366051589022,0.7057007131413725
CRWD,18,-0.0651975684851639,0.7971597547687926,-0.17234262125902994,0.49407642787678363,37.19886921899314,22.48414615733052
GDDY,37,-0.06589905791555105,0.6983772768387517,-0.06330014224751065,0.7097455523219862,91.27124478797228,14.109589041095887
CPAY,40,-0.06640175495102484,0.6839386381587067,0.18086303939962475,0.26405967221493526,3.6214830004050436,4.511344143136307
ARE,40,-0.06667664875715677,0.6826985509520515,0.11444652908067543,0.48193940069566615,0.05980790241060561,0.1612431666105832
FE,42,-0.06755570004533631,0.6707749593591052,0.001539583502147314,0.9922793702099488,-0.17844538127291817,0.4566578659119482
IFF,42,-0.06770962731135305,0.6700674361443234,-0.22599465197309784,0.1501201933864117,-0.15441300640933958,0.8995055998385606
MTB,43,-0.06963363351996658,0.657257802947658,-0.019631531259438235,0.900562244586863,1.5462523046574304,1.7365043412608565
CVX,42,-0.07007378871244516,0.6592362987104562,-0.06377116927315453,0.6882574971454202,43.99399133514197,-5.737061304247025
WAT,42,-0.07458704531497946,0.6387505656858625,-0.03200713070253627,0.8405254495614819,2.0001639693760316,2.196154143177079
COR,42,-0.07492442391113885,0.637229560298148,-0.15225670529130542,0.33575553134328784,3.452222129666395,2.8523788905726963
ICE,42,-0.07551943439588511,0.6345506540929118,-0.1725143829511385,0.2746147148573499,2.930189073412113,2.6985663044735944
EBAY,42,-0.07608385498008481,0.6320137200414394,-0.10509683169921402,0.5077221647056107,1.4623278191191815,1.8425718551698382
KMX,24,-0.0765518181491695,0.722194157102263,-0.046956521739130425,0.8275237958648594,2.769934957151976,3.325080289464565
MU,34,-0.07715008759303238,0.6645214038544012,0.03254392666157372,0.8550237215883221,46.52426934530343,9.29000786431422
STLD,43,-0.08004852848769216,0.6098652922039968,-0.07369374811235277,0.6386108407644394,7.9022500723421985,4.471544715447149
CAG,40,-0.0807436961463594,0.6203991698824107,-0.08592870544090057,0.5980515569799153,0.29832573219124603,0.4266346051260099
K,41,-0.08134421605395134,0.6131454522768798,-0.04094076655052265,0.7993810186294079,-0.21089287028701062,0.12077294685990082
AXON,41,-0.08163175691592478,0.6118869347816369,0.021952175638227864,0.8916379900220386,9.90089424221295,6.250000000000005
STE,43,-0.08199174116446732,0.6011871229136859,-0.06689821806100876,0.6699385381692429,3.119595471689524,3.389830508474575
JNPR,38,-0.08433367040532243,0.6146832302547282,-0.04212714739030528,0.8017169820492308,1.3480543651105534,1.34624756335282
AVY,43,-0.08462375950929087,0.5895192989584073,-0.17321051041981275,0.2666675416503795,2.966032078594403,3.561253561253561
EQR,40,-0.08474746455542989,0.6031118337897181,-0.01932457786116323,0.905786601162694,3.5233855767398254,1.5056163606518438
COP,42,-0.08583751514960412,0.5888509604660362,-0.08597358398833158,0.5882581797848159,20.215671281703237,-3.6745656578058767
ALGN,42,-0.08625858579281906,0.5870174366841795,-0.159711530670124,0.3123436287980581,4.9224107705549836,4.872673546111361
GD,42,-0.08685325578551681,0.5844323283184424,-0.03087270075358561,0.846108510320363,1.6395813010287004,1.4365766055859785
CFG,39,-0.0870172770029247,0.5983719677636115,-0.14716599190283403,0.37130522288516915,1.80725539128528,1.6085790884718514
AWK,39,-0.08728406722488843,0.5972465042710347,-0.12955465587044535,0.4318285862203059,2.0371517833639072,2.135922330097076
IBM,43,-0.08730093173943804,0.5777555868276811,0.11386288130474177,0.4672156798849729,-1.031471802915947,0.2536231884057981
ANSS,38,-0.08906236723529458,0.5949088714571579,-0.1040595251121567,0.5341198833269082,2.5719347857069503,1.9553143145670346
DVA,34,-0.0905869456114974,0.6104014492936247,-0.07104660045836517,0.6896875744726882,2.5033199659536765,1.2926537037797594
AFL,42,-0.09393528011365748,0.5540453740812826,-0.09423871647354347,0.5527602288125205,1.8867514922123287,1.8826210028617556
FSLR,40,-0.0943515711398717,0.5625191755989992,-0.050093808630394004,0.7588681491296585,11.282948579427313,3.0552306744005913
CHD,38,-0.09443057201195607,0.5728042561629041,-0.1366670314038735,0.4132551717170607,3.0693554629367683,2.0301870748299304
HRL,40,-0.09526472399437678,0.5587266028772047,-0.007129455909943716,0.9651743732088084,0.6941160310496908,0.2276073197578428
CDW,42,-0.09754165549871036,0.5388630157259231,-0.001539583502147314,0.9922793702099488,4.058107441396866,4.615033795635809
GPC,40,-0.09910236193224448,0.5429195838588805,-0.06303939962476549,0.6991721046975601,2.0214284355391037,2.3716929239466653
PSA,41,-0.09950573491473601,0.5359276628119402,-0.04128919860627179,0.7977091063078884,2.635840663436339,0.8669354838709709
EIX,42,-0.1006470245795748,0.5259527147531036,-0.18985495502795563,0.22848950515271507,0.6688709071615675,0.3840792864597278
COO,43,-0.10072004544190587,0.520457143587014,-0.07308970099667773,0.6413715194312213,2.143739108786647,2.391171060698953
HAL,43,-0.10206681540706371,0.5148664958824899,-0.15690123829658714,0.31499644109143504,15.762653936480364,5.180120957139103
BKR,33,-0.10386232061630468,0.5651578677012236,-0.15307486631016046,0.3950635284773494,14.379399227656874,10.999999999999996
PAYC,41,-0.10427429548062571,0.5164642009673323,-0.10818815331010455,0.5007568579108416,10.616281390900708,7.929515418502198
IDXX,43,-0.10626342872118905,0.49764049590791354,-0.18453639383871942,0.236161629064983,4.293289990744404,4.94047619047618
LULU,42,-0.10948986503510494,0.49004264444596335,-0.00559111903411393,0.9719670527186739,4.861233718253477,5.6940668669814425
INTU,43,-0.11108256251887655,0.4782301060847959,-0.05844155844155843,0.7097046463838173,4.016098548229087,4.302884615384621
PTC,43,-0.11124644198128632,0.477577120260063,-0.1828752642706131,0.2404803247499335,2.5877105745117457,3.868515205724489
SRE,37,-0.11221575107552609,0.508453733241295,-0.10715979137031767,0.5278593824913373,1.987217525742028,1.577909270216964
ANET,41,-0.11272382750854577,0.48286335810714703,-0.11881533101045298,0.4593676012297566,8.63555371600132,8.102025506376602
PLTR,15,-0.11301213582858335,0.6884118782830242,-0.32350325697067767,0.2395182624085947,20.070234952433047,7.407407407407393
D,38,-0.11353581556736282,0.4973268025069486,-0.11303206040048144,0.4992496020214756,-0.6965828396097468,1.3861396942483413
SHW,41,-0.11684982310190496,0.46688082095686273,-0.007665505226480838,0.9620621978789156,3.6213194845337444,3.5742238455517867
MOH,42,-0.11687001987127336,0.4610746805968669,-0.16894903168300787,0.2848066213390715,8.998010295800308,4.513685874554812
T,41,-0.11691718700183974,0.46662224114576917,-0.14305628375388052,0.372242364957928,-0.45279006467417326,0.0
HLT,42,-0.11933232685072122,0.451618982175466,0.07090187180941578,0.655458585298843,9.210110516901716,6.400967347915101
RVTY,42,-0.12018397241229155,0.44837324539240286,-0.11384814844826191,0.47282315826505533,2.3055274229000746,2.600253097059344
DLTR,33,-0.12069976606048431,0.503441259910939,-0.21758021390374332,0.2238530487153335,0.906990544401141,1.601497504159733
AME,42,-0.1222733317258635,0.44046465358935893,-0.05550603678794263,0.7269889198752318,2.7591909069140534,3.310752353130047
ALL,42,-0.12391190088124648,0.43431661453022263,0.0029981362936552956,0.984965719548245,-3.619952641442544,1.8544798868379604
AMD,41,-0.12513757864971092,0.4356478201853047,-0.1885017421602788,0.23788477305885103,13.808340383641646,16.316639741518575
ODFL,37,-0.12514390678981843,0.4605130063689442,-0.1256519677572309,0.4586797962191268,4.846516971371713,4.83091787439614
XYL,42,-0.12681471238602707,0.4235430166163338,-0.28774005348026904,0.0646332369131249,2.2756375305146364,3.250985221674883
HST,41,-0.12713886548671793,0.4282834758982772,-0.25243902439024396,0.11131261771731397,0.011207454771864703,5.39419087136929
J,43,-0.12945026085887001,0.40804548260965917,-0.2407127755964965,0.11996776578412605,1.306551683674732,1.447219069239505
CSGP,38,-0.13045698729529695,0.4349955653976896,-0.1038406827880512,0.534984841125767,3.0462569624764515,3.3263352747302393
OMC,42,-0.1308111828441381,0.4089594846857543,-0.4065310752775302,0.0075493910630551,1.7218854576155849,2.080088702147523
SJM,41,-0.1341797603871385,0.40293475195296014,-0.023867595818815333,0.8822465478934659,1.3419876326370057,0.8856088560885507
ABBV,42,-0.1354654749373055,0.3923434953319746,-0.09845231342678877,0.5350612574765367,3.0853578821266288,3.4508300096668942
MET,42,-0.13749180354090337,0.3852343425300204,-0.2058990357345434,0.1908132680846429,1.102483771117104,1.2373733412805472
TYL,42,-0.13800075786043456,0.38346070747289296,-0.07673608297544769,0.6290872962929465,4.251206257488915,3.856407427836005
MNST,42,-0.1381183555299016,0.38305158113353976,-0.0950490235799368,0.5493352415545288,3.8625186217417524,4.140946502057613
SYK,43,-0.13871403695909593,0.37502253713989714,0.05451525218967079,0.7284374080295517,2.4401567717122474,2.9411764705882213
RF,43,-0.1392851129020878,0.3730403118604117,-0.042585321655089096,0.7862795898284187,2.7561608981619674,0.8552631578947303
PHM,43,-0.14061450565698627,0.36845020430009884,0.0681063122923588,0.6643266683746184,3.565935925486052,5.067567567567564
CBOE,42,-0.1408990770933837,0.37345248436351525,-0.10525889312049268,0.5070642877513688,3.467625886142457,3.0671779842447684
NSC,43,-0.14225243420761816,0.36284156563397735,-0.09755360918151616,0.5337190788079811,1.7154912153518618,2.387370042356569
SNA,40,-0.14303089646599218,0.37860962364245976,-0.23320825515947471,0.14755456798584146,2.7783672667741395,3.1491730268004305
AIG,40,-0.1440895059424572,0.3750539960218088,-0.22363977485928707,0.1653766645850873,2.2049701030258873,4.1601345267729375
VRSN,41,-0.146783800923427,0.35978084869659016,-0.18867595818815336,0.23744338521096442,2.90308619807516,3.206106870229007
BLDR,40,-0.1468620815032474,0.3658358800811863,-0.10900562851782367,0.5031444524750436,14.029065531993902,8.333333333333332
VTR,42,-0.14699874684034656,0.3529041773349276,-0.09585933068633012,0.5459203547135117,-96.35338693885886,-1.3331550859908388
TER,43,-0.14738354723134578,0.34560724012715954,-0.1893687707641196,0.2238996381681789,2.791254161683207,2.3693379790940785
BDX,43,-0.14922407193636725,0.3395498602990126,-0.06704922983992752,0.6692360757355742,1.9535805417092516,2.3472099202834418
HAS,42,-0.15119454756454298,0.3391774293496324,-0.058585203792237264,0.7124749131223843,0.8164712278714551,3.3905114421613893
NXPI,34,-0.15203792102524855,0.3906871293241909,-0.2064171122994652,0.2414965603089828,3.8001373661931135,3.5255904316677804
LVS,43,-0.15289150351278472,0.32767680993511605,-0.12488674116581094,0.4249072718200218,-8.567529322599912,1.380500431406386
POOL,42,-0.15324965752688874,0.3325759970900529,-0.1579288550360587,0.3178456358465309,4.363125521930737,4.364957323511772
DOV,43,-0.15355285051552647,0.3255637030910798,-0.2449411054062217,0.11340353289902208,1.2924089750042869,1.2625698324022496
MTD,42,-0.1546860289988183,0.32800981154674486,-0.12486832509521109,0.43075019764384265,3.1835635114812675,3.184708811306172
INVH,28,-0.1546884545649486,0.4318886717209883,-0.3240284619594964,0.09253841290139696,25.28602312792153,11.363636363636358
WST,42,-0.1550040702985855,0.32700408344053633,-0.10639332306944331,0.5024712415239372,3.6231604841859473,2.3581677644309944
MAR,42,-0.15636464494321217,0.32272337574735266,-0.10055911190341141,0.5263161004195309,14.72943527843394,6.243423757677005
TRMB,42,-0.15655261193429412,0.3221347613742643,-0.011101207357588527,0.9443727820269773,1.374400464977716,1.0276542864143974
RL,43,-0.15702090283535342,0.3146228522351024,-0.24932044699486564,0.1068958218611407,9.10716509437541,1.7469632864746842
MKTX,42,-0.16037452905599772,0.3103128619655868,-0.19066526213434892,0.22647268733048026,3.3286198128461395,3.872038733471011
MPWR,42,-0.1605332917235819,0.3098278184139673,-0.11384814844826191,0.47282315826505533,6.171429236554421,5.790013679890554
PGR,35,-0.16239962005008937,0.3512928824309486,-0.2092436974789916,0.2276808347606729,5.126332320432496,3.80457380457382
PAYX,26,-0.16348731782660492,0.42486042815672326,-0.15829059829059827,0.4399250583834971,2.9416461664179243,2.576298881447123
UPS,41,-0.16416436634209972,0.30506299546348753,-0.10574912891986064,0.5105166369826976,1.2033329644510395,1.6903914590747287
DELL,28,-0.16509773834298017,0.4011501844796358,-0.2194854953475643,0.26177368383417554,2.000993618835088,2.557509358079006
BA,31,-0.16625723807875858,0.37138352370520705,-0.05645161290322581,0.7629314266860608,-35.08429184255542,7.221147646679557
NDSN,40,-0.1667248745686258,0.30383558681878736,-0.13658536585365855,0.40068521157134235,2.0941223061224425,2.028502872184001
KO,42,-0.16749203684581448,0.28904150673866835,-0.07657402155416904,0.6298139144837877,0.7421790042957035,0.6849593237977969
FRT,42,-0.16801688121355018,0.2875113223657192,-0.08589603345651005,0.5885959943364062,1.6087676670232176,1.5935286031511062
GL,40,-0.1682196670280749,0.29945864341406475,-0.2810506566604128,0.07895904767083234,2.567848849384782,1.8904870848525555
AMGN,42,-0.16860323294286586,0.28580804271318716,-0.08516327688193827,0.591792168999854,2.2095233666765557,2.3163440852999253
ULTA,42,-0.16873719961673708,0.2854198085200786,-0.2323150474029657,0.13874574815424945,6.009202832793284,6.103465207089375
ALLE,42,-0.1741377629356622,0.2700545276171524,-0.14058828295924158,0.3745181822819576,2.913078353312596,3.0137891173313514
MMC,43,-0.1744835311532655,0.2631143118765402,0.02053760193295077,0.895997371323845,2.8987396284399303,2.6632302405498347
AES,40,-0.17452277743967892,0.28144868171477716,-0.22701688555347097,0.15891730642042357,0.7915158488351851,1.3717717204312503
GS,43,-0.1765559607204074,0.25739737886493064,-0.11763817577771066,0.45247908575190743,2.898068574030095,0.42517006802720686
MCK,42,-0.17700921033505415,0.26211141655106374,-0.013208005834211166,0.9338372414652765,3.335660421725835,2.473948531320182
IR,29,-0.17753850134236368,0.35685838429712646,-0.12660098522167484,0.5128417181025344,4.188170315545051,5.2465483234714005
URI,43,-0.1781105338485849,0.2531638644878854,-0.13122923588039867,0.40157783649678164,5.194428133967114,5.149617258176759
CAH,42,-0.1790183645089934,0.2566468842540669,-0.10914836723118063,0.4914054622783217,1.6558513215807518,1.928635057284418
HPQ,41,-0.18218523508150378,0.2542649805482398,-0.10365853658536586,0.5189575439961193,0.7869670794159338,1.6476932294787212
VST,25,-0.18329830118828885,0.38046756438635976,-0.17923076923076922,0.3913084960893426,86.67488811900283,13.541121005762177
PLD,41,-0.18463713189936604,0.24781935423263446,0.064808362369338,0.6872672287628557,6.357679014683625,-1.9830028328611853
LEN,34,-0.18503702236110206,0.2947925561715058,-0.00106951871657754,0.9952102970293935,5.007742210958122,4.12452591997618
HSY,42,-0.18700892232101232,0.23567048561515938,-0.09942468195446075,0.5310162893806778,2.2073139370392125,2.3433163062999887
FDX,36,-0.18878723502323294,0.2701574886560383,-0.19716859716859722,0.24906668175139637,1.7466252216576619,3.565944144953588
COF,42,-0.18975343352385163,0.22874305203905518,-0.2801231666801718,0.07236998669100543,8.653992703290797,0.6700709509341343
DAL,40,-0.18976678865175314,0.2408653141795219,-0.38742964352720455,0.013513665340346126,-49.761976317705816,4.399249676515993
DHR,42,-0.19185977661737458,0.2235219284959645,-0.11319990276314726,0.4753638978186834,2.0332449323355335,2.4204253497002526
AIZ,42,-0.19236528871666078,0.22228118503919808,-0.2533830321691921,0.10542596475000764,3.290189609309643,5.158797784268807
FAST,43,-0.1941001552799665,0.21232563643900793,-0.16988825128360013,0.2760896804771197,2.292697549034453,1.8243243243243186
META,43,-0.1943327345101477,0.21176763761882322,-0.19087888855330717,0.2201593450963651,8.026238458022894,9.812286689419784
IQV,33,-0.19637857064457462,0.2733767044442017,-0.2466577540106952,0.16642107693305483,3.6264254411510453,3.797468354430374
ZBH,41,-0.19720029793895222,0.21652273394842553,-0.1961672473867596,0.21898781120057526,0.7939758321066739,1.1935208866155056
CNC,42,-0.19969108466426969,0.20483139665803357,-0.184344866704481,0.2425301031508863,5.420615568370178,4.6277488181247755
USB,40,-0.20059459376467312,0.21456759280237614,-0.24446529080675425,0.12844083670674125,1.592452732424611,0.8172876304023835
AKAM,42,-0.20103158284790731,0.20174513483387424,-0.1976339032493315,0.2096316635870368,2.762416225871361,2.838195252431964
HBAN,43,-0.20493480060088612,0.1874064230947543,-0.14678344910903052,0.3475964771950454,1.6132455374003936,1.3250194855806803
FTV,32,-0.20567524273718374,0.2587668059094528,-0.27602639296187675,0.1262145550499103,1.5720223243892584,3.0632623270388715
MDLZ,42,-0.20861483694887398,0.1848994456324104,-0.1922858763471356,0.2224757823140917,1.9009874814942929,1.9767750011277065
MHK,42,-0.20862904380908195,0.1848688563551814,-0.14318126569970022,0.3656824142357681,1.2642672417538137,2.3542881515622205
HES,37,-0.2104397005413131,0.21123520767899998,-0.17069701280227595,0.312442597136311,-100.88644010429289,-2.770562770562773
BX,40,-0.21076541615005312,0.1917398839059754,-0.2864915572232646,0.07309230471380032,1.638973659236349,1.326344850944164
ENPH,40,-0.21091232491163622,0.19142324854419007,-0.15459662288930584,0.3408468905655702,25.889274615469752,16.730672480295148
RTX,43,-0.21168387595156118,0.17297671847571056,0.17532467532467533,0.2607838705390762,0.1431179303284078,1.4971806338712805
V,43,-0.21226430175312544,0.17177420279203406,-0.25792811839323465,0.094939666828648,3.8703141742892138,4.23728813559322
KMB,43,-0.21268674426841996,0.17090278959638205,-0.1774388402295379,0.2549872985172189,0.578116559877757,1.296625222024874
NVDA,43,-0.2156656180144187,0.16484832390511275,-0.27629691157592695,0.0728921238367225,13.52986749632218,13.36206896551724
KIM,42,-0.21609410468747453,0.1692898571118826,-0.20476460578559275,0.19332278818769807,5.1162676710037935,-3.350209497206701
PCG,35,-0.2163537201814741,0.21191036315161887,-0.024089635854341738,0.890746121838189,-1.4265943848983524,0.8967391304347804
CPB,40,-0.21661681660245402,0.1794124166759595,-0.1962476547842402,0.22487540553102064,0.5844831011840245,0.40967109323509976
WDC,40,-0.21903928643465756,0.17447813510703522,-0.14502814258911823,0.37191795906944675,-136.01163792709434,-0.03813780203606607
EG,32,-0.22003903052349982,0.22623847690290091,-0.16202346041055718,0.37564345086035955,22.471491175710455,3.4934740259359702
MAS,42,-0.22016067171597303,0.16121306459360735,-0.27428895551413984,0.07877503995128789,3.9196811997505847,3.9878113407525158
TGT,38,-0.22037223180129314,0.1836834836779565,-0.076047707626655,0.6499816254504889,3.184234364582226,2.667507370467896
LOW,36,-0.22122828178685677,0.19474807995569557,-0.11788931788931789,0.4934912186279838,4.230833796778209,4.492463252250442
SWKS,43,-0.22419496413217624,0.14837498171002694,-0.20039263062518878,0.19758713709121564,2.4890206277441442,1.2195121951219396
WAB,42,-0.2250626317319391,0.15185371649757565,-0.15420144234664937,0.32954590557538654,2.0142303936878503,2.720381199913366
RSG,42,-0.2295482860194824,0.14364367195327113,-0.09196985657564218,0.5624034297328243,2.740398146717792,2.5873860182370767
CI,37,-0.2312198215385707,0.1685356728603398,-0.2560455192034139,0.126107148885719,3.4384810342735244,2.955899880810476
BK,41,-0.23170663194235505,0.14492713996287646,-0.1872822299651568,0.24099007630549177,1.9983688299443976,2.226148409893983
PFG,42,-0.23201517607503508,0.13927054261670166,-0.23377360019447374,0.1362140616027181,1.697561415077565,2.0957324106113
KLAC,37,-0.23431373272135633,0.16275175324740337,-0.2510668563300142,0.13390236739265526,4.062833078957774,4.825609173435268
DLR,42,-0.23574067960018127,0.13285423548491784,-0.2503038651648975,0.10987234736001349,5.358852053105607,-5.1682160247897215
NCLH,42,-0.23695940153259812,0.13080382092605122,-0.19115144639818493,0.2252684777595644,-4.303885572652048,5.612298071912457
EXC,38,-0.240106576111535,0.14649840562350194,-0.22924987723759588,0.16620463449418757,0.16031921597938206,0.2400976195747491
GOOGL,42,-0.24310853863666881,0.1208169187348513,-0.22194311644113124,0.15776254641969284,4.7169441540127295,4.336592392803503
TDG,41,-0.24433870863038357,0.12366067940388951,-0.3060975609756098,0.05161021933981765,3.862260389591272,4.464993394980186
BIIB,42,-0.2485610903813954,0.11245133332651093,-0.3690948869621587,0.016153117323321652,1.4262345124946254,2.013069578107273
MCO,41,-0.2515797052032363,0.11257637338336658,-0.08519163763066204,0.596397962679912,2.820659751525886,3.064699205448349
VLO,43,-0.25219843074233755,0.10277688102264633,-0.21639987919057688,0.16338015083558907,-5.375787607338386,2.081967213114765
CBRE,42,-0.25383168749931534,0.10478972939531951,-0.36018150879183214,0.019126952870217054,3.067164233206392,4.348570577724836
EMN,43,-0.25436332081071633,0.0997594573948845,-0.2707641196013289,0.07905944046988166,0.5219581300425621,1.1958146487294345
AOS,43,-0.25511426516644414,0.09872883770036775,-0.14738749622470554,0.345594172977777,3.125097256999579,3.7676609105180567
CRM,43,-0.2553269870075187,0.09843838424096561,-0.2832980972515856,0.06563848732691054,8.104567669236411,7.888249794576817
ITW,42,-0.2582556155545227,0.09867217869317736,-0.08321853982659429,0.6003117545063544,2.4374322319497943,2.314952168792627
BKNG,41,-0.2591144599321133,0.10185885752110967,-0.3675958188153311,0.018058347619580823,15.627198794184332,4.2491684306017605
WBD,42,-0.263452187596772,0.0918407514088342,-0.3024876428166275,0.051526724672224467,-41.153736192337114,1.1394023950703402
EMR,42,-0.26360892684787324,0.09164053348969321,-0.16360100478081194,0.3005501482599567,1.4641332727494918,2.520238115399597
FI,42,-0.2639553442142961,0.09119921867045158,-0.2374296019128061,0.13001908545383278,4.153789769621388,3.786549647159373
PODD,42,-0.26556553585349824,0.08916946889582394,-0.21902601085811524,0.163437946913576,30.62927544758677,12.957633189638917
AVB,38,-0.26977643319820943,0.1014235625472126,-0.21829521829521828,0.1879543194903163,2.01181488422258,-0.27255471476979387
ZBRA,42,-0.2709685783183759,0.08261351028304356,-0.30508062555708615,0.049460813129967224,3.8770736049025096,4.904152855087871
ADI,42,-0.2740297617143775,0.07906956095722788,-0.21902601085811524,0.163437946913576,2.691550419512604,4.536992423531947
XOM,42,-0.2756377739747907,0.07725621535902073,-0.28336439510574507,0.06899312080178276,7.229120283516461,-3.1000073632697447
AMP,43,-0.2763475487247454,0.07283748368548988,-0.2897916037450921,0.05943444695758268,3.8336832135858314,4.040859245906582
QCOM,43,-0.28207160541201853,0.06686602750020117,-0.36378737541528233,0.016483709362357664,2.16472096544174,1.5384615384615479
RCL,43,-0.29013265115336273,0.05912202660016488,-0.20522500755058892,0.18676888122492036,0.20883284309212335,6.559571619812586
CHTR,43,-0.29801069935109487,0.052263323082991066,-0.13938387194201146,0.37269815045027627,10.842667293619856,7.194899817850629
MPC,40,-0.2996513670277941,0.06031438803796096,-0.2724202626641651,0.08901138142706887,33.26394804420154,5.902606670972583
AZO,43,-0.30280011132916723,0.04841691425784457,-0.2882814859559045,0.06083368951904041,3.861874911883099,3.449831198830011
MCHP,41,-0.3049719128702598,0.05251953475934142,-0.3341463414634147,0.03274377451416343,2.080355477348254,4.272151898734181
DTE,41,-0.3051949249961628,0.05233836746010112,-0.014982578397212546,0.9259245331285837,1.0750969820535572,1.0833333333333437
L,24,-0.3087599015804662,0.14210260295628366,-0.2939130434782608,0.1633105777659175,0.4804255276318437,0.6449843733509342
ADM,42,-0.31082623263040754,0.04512085179477554,-0.3284174702212139,0.0337161852355385,2.2908426822513643,2.5610815113660026
SYF,38,-0.3114765744485041,0.05696381194637856,-0.3868038078564394,0.016440846703730555,4.9308716960136705,1.8008596400437045
ISRG,41,-0.31358128897918647,0.04588184762118261,-0.19355400696864117,0.2253098003763756,3.13140228654352,4.232705575237729
CVS,40,-0.31503446131518664,0.04770214702436167,-0.3330206378986867,0.03574892255742065,1.3083517331284316,1.3124212933812325
FANG,42,-0.3177911686009243,0.04027938927073048,-0.31626286362531403,0.04130371335640959,7.882996174623689,4.565051700705768
ZTS,42,-0.3184868354639512,0.03982004046578093,-0.13378170326553765,0.39830861131693457,3.3427339471271376,3.25478576235699
ADSK,43,-0.3264631897850687,0.03263006900848441,-0.466626396858955,0.0016095549312342705,7.038364205768731,4.086364295029706
MGM,40,-0.3284577302445621,0.038520041813869504,-0.21388367729831145,0.18509812249264565,224.77800879609376,7.871909511253776
SYY,42,-0.3286558674326732,0.033579702285406826,-0.25435540069686413,0.10405076845620771,2.9449556326065482,2.7794619173929513
YUM,42,-0.32891725380263087,0.03343058065108966,-0.4310023498906086,0.004378416005836958,1.5778529862440762,3.1943237697341615
MSI,39,-0.3361858856453687,0.03639293237362244,-0.33704453441295545,0.03588834950003172,2.7687263284083112,3.7574722459436334
ROL,42,-0.3369534043323187,0.02910502823014477,-0.24787294384571754,0.1134822097580269,3.3208139105779653,2.9365568216815547
XEL,40,-0.34298880250395003,0.030260302182221623,-0.34146341463414637,0.031052079305699375,1.4298521967456872,1.462783333979849
FITB,43,-0.34314395742985127,0.024276485144616528,-0.02401087284808215,0.8785306385939952,1.6704572559219133,-0.285714285714286
CSCO,34,-0.3483485187713447,0.04349127833895409,-0.32650878533231475,0.059474971556021806,1.4219735563737756,1.4899836234147115
ELV,43,-0.35228556757859997,0.020512274149325774,-0.6306251887647236,5.824796191621273e-06,3.2383776163761535,3.2005334222370307
APD,42,-0.3535850099570706,0.021613112558466804,-0.45255651892067095,0.0026195407623956658,1.8989119278160291,2.848811126065505
BSX,38,-0.36619390348848563,0.023750171882490123,-0.20538352117299488,0.21608172346244112,4.2941935658890475,3.442178580404265
LW,27,-0.36767414391778175,0.05918882605342895,-0.43101343101343104,0.024798019393247106,3.259767213043591,2.402135231316725
LKQ,42,-0.3701109180261803,0.015840411891253046,-0.2550036463819788,0.10314161436309406,2.9708844790605204,2.1173430612555095
HON,42,-0.3761802577633905,0.014077130812009307,-0.31010452961672474,0.04564840537357489,1.6103188406649374,2.046944858420272
ON,40,-0.3802119984646817,0.015516883717300336,-0.226829268292683,0.15927127816950162,6.059644708828885,4.732912149070373
CL,40,-0.38197875824821015,0.015004710320156855,-0.3729831144465291,0.017768987156006357,0.5185244177414068,0.6784228211524266
ECL,42,-0.38713810787157615,0.011313845983687806,-0.4690867838910947,0.001726498741521873,1.3745330197452281,2.118188757773345
AMCR,18,-0.3911583111631904,0.10846697545193494,-0.4262125902992776,0.07778293683965697,0.674293232495332,0.8712569216708788
JPM,43,-0.3916924208754939,0.009389974321552539,-0.21186952582301422,0.17259143518571296,3.554516570643553,4.135220125786162
NOC,43,-0.3973113281210903,0.00833592318735435,-0.37466022349743283,0.013311844800486809,2.7080716485938834,2.2278597785977885
EOG,41,-0.40408199138962386,0.008788852023553922,-0.34965156794425095,0.025033715396747296,34.2100038677007,0.952380952380949
BG,42,-0.4057305356934523,0.007680085147261072,-0.1467466169678308,0.3537396502501235,3.494112151840246,0.1275023568432448
BAX,40,-0.4092565748297108,0.008735211776367963,-0.24859287054409007,0.12191667046292802,-0.41467398910621817,3.1362537437303804
CRL,35,-0.4299585542247941,0.009940384768754282,-0.38627450980392153,0.021905127856511948,3.2302561230136084,3.3726812816188905
UAL,36,-0.43589331656259883,0.007873991832802086,-0.40849420849420853,0.013381850478719799,6.252473812095115,10.024453789908154
PRU,42,-0.4515717170253268,0.0026836922830641157,-0.34251681387245764,0.026390516652584208,0.8858493696926187,1.8656972357500494
LIN,22,-0.4826429707655456,0.02290180160439171,-0.20158102766798422,0.3683370734344016,4.07488666418902,3.790932572679047
CAT,43,-0.4923952409293145,0.0007963624208580745,-0.5154032014497131,0.0004048752919541233,3.868275335231138,2.6687116564417237
UNH,35,-0.5737173444866638,0.00031440720734822724,-0.6053221288515406,0.00011689441336807087,3.9832170509878155,3.835678620063544
HUM,34,-0.6276827312299774,7.080453858453508e-05,-0.5064935064935064,0.0022389776482556172,1.8038107748212096,3.801984508532441
